DATAFLOW,LAST UPDATE,freq,unit,geo,TIME_PERIOD,OBS_VALUE,OBS_FLAG
ESTAT:SDG_16_30(1.0),24/02/23 23:00:00,A,EUR_HAB,AT,2000,75.6,
ESTAT:SDG_16_30(1.0),24/02/23 23:00:00,A,EUR_HAB,AT,2001,80.3,
ESTAT:SDG_16_30(1.0),24/02/23 23:00:00,A,EUR_HAB,AT,2002,81.4,
ESTAT:SDG_16_30(1.0),24/02/23 23:00:00,A,EUR_HAB,AT,2003,85.4,
ESTAT:SDG_16_30(1.0),24/02/23 23:00:00,A,EUR_HAB,AT,2004,87.2,
ESTAT:SDG_16_30(1.0),24/02/23 23:00:00,A,EUR_HAB,AT,2005,84.5,
ESTAT:SDG_16_30(1.0),24/02/23 23:00:00,A,EUR_HAB,AT,2006,85.7,
ESTAT:SDG_16_30(1.0),24/02/23 23:00:00,A,EUR_HAB,AT,2007,87.2,
ESTAT:SDG_16_30(1.0),24/02/23 23:00:00,A,EUR_HAB,AT,2008,93.2,
ESTAT:SDG_16_30(1.0),24/02/23 23:00:00,A,EUR_HAB,AT,2009,99.0,
ESTAT:SDG_16_30(1.0),24/02/23 23:00:00,A,EUR_HAB,AT,2010,98.4,
ESTAT:SDG_16_30(1.0),24/02/23 23:00:00,A,EUR_HAB,AT,2011,100.4,
ESTAT:SDG_16_30(1.0),24/02/23 23:00:00,A,EUR_HAB,AT,2012,104.3,
ESTAT:SDG_16_30(1.0),24/02/23 23:00:00,A,EUR_HAB,AT,2013,105.4,
ESTAT:SDG_16_30(1.0),24/02/23 23:00:00,A,EUR_HAB,AT,2014,112.5,
ESTAT:SDG_16_30(1.0),24/02/23 23:00:00,A,EUR_HAB,AT,2015,117.0,
ESTAT:SDG_16_30(1.0),24/02/23 23:00:00,A,EUR_HAB,AT,2016,116.6,
ESTAT:SDG_16_30(1.0),24/02/23 23:00:00,A,EUR_HAB,AT,2017,119.1,
ESTAT:SDG_16_30(1.0),24/02/23 23:00:00,A,EUR_HAB,AT,2018,120.5,
ESTAT:SDG_16_30(1.0),24/02/23 23:00:00,A,EUR_HAB,AT,2019,121.2,
ESTAT:SDG_16_30(1.0),24/02/23 23:00:00,A,EUR_HAB,AT,2020,121.3,
ESTAT:SDG_16_30(1.0),24/02/23 23:00:00,A,EUR_HAB,AT,2021,125.9,
ESTAT:SDG_16_30(1.0),24/02/23 23:00:00,A,EUR_HAB,BE,2001,68.7,
ESTAT:SDG_16_30(1.0),24/02/23 23:00:00,A,EUR_HAB,BE,2002,77.2,
ESTAT:SDG_16_30(1.0),24/02/23 23:00:00,A,EUR_HAB,BE,2003,80.5,
ESTAT:SDG_16_30(1.0),24/02/23 23:00:00,A,EUR_HAB,BE,2004,80.3,
ESTAT:SDG_16_30(1.0),24/02/23 23:00:00,A,EUR_HAB,BE,2005,82.5,
ESTAT:SDG_16_30(1.0),24/02/23 23:00:00,A,EUR_HAB,BE,2006,90.3,
ESTAT:SDG_16_30(1.0),24/02/23 23:00:00,A,EUR_HAB,BE,2007,86.3,
ESTAT:SDG_16_30(1.0),24/02/23 23:00:00,A,EUR_HAB,BE,2008,94.5,
ESTAT:SDG_16_30(1.0),24/02/23 23:00:00,A,EUR_HAB,BE,2009,91.7,
ESTAT:SDG_16_30(1.0),24/02/23 23:00:00,A,EUR_HAB,BE,2010,95.2,
ESTAT:SDG_16_30(1.0),24/02/23 23:00:00,A,EUR_HAB,BE,2011,95.7,
ESTAT:SDG_16_30(1.0),24/02/23 23:00:00,A,EUR_HAB,BE,2012,105.5,
ESTAT:SDG_16_30(1.0),24/02/23 23:00:00,A,EUR_HAB,BE,2013,100.3,
ESTAT:SDG_16_30(1.0),24/02/23 23:00:00,A,EUR_HAB,BE,2014,96.8,
ESTAT:SDG_16_30(1.0),24/02/23 23:00:00,A,EUR_HAB,BE,2015,91.1,
ESTAT:SDG_16_30(1.0),24/02/23 23:00:00,A,EUR_HAB,BE,2016,100.1,
ESTAT:SDG_16_30(1.0),24/02/23 23:00:00,A,EUR_HAB,BE,2017,100.3,
ESTAT:SDG_16_30(1.0),24/02/23 23:00:00,A,EUR_HAB,BE,2018,101.8,
ESTAT:SDG_16_30(1.0),24/02/23 23:00:00,A,EUR_HAB,BE,2019,102.1,
ESTAT:SDG_16_30(1.0),24/02/23 23:00:00,A,EUR_HAB,BE,2020,104.1,p
ESTAT:SDG_16_30(1.0),24/02/23 23:00:00,A,EUR_HAB,BE,2021,114.2,p
ESTAT:SDG_16_30(1.0),24/02/23 23:00:00,A,EUR_HAB,BG,2000,6.8,
ESTAT:SDG_16_30(1.0),24/02/23 23:00:00,A,EUR_HAB,BG,2001,7.0,
ESTAT:SDG_16_30(1.0),24/02/23 23:00:00,A,EUR_HAB,BG,2002,8.5,
ESTAT:SDG_16_30(1.0),24/02/23 23:00:00,A,EUR_HAB,BG,2003,11.2,
ESTAT:SDG_16_30(1.0),24/02/23 23:00:00,A,EUR_HAB,BG,2004,14.9,
ESTAT:SDG_16_30(1.0),24/02/23 23:00:00,A,EUR_HAB,BG,2005,17.9,
ESTAT:SDG_16_30(1.0),24/02/23 23:00:00,A,EUR_HAB,BG,2006,22.4,
ESTAT:SDG_16_30(1.0),24/02/23 23:00:00,A,EUR_HAB,BG,2007,31.3,
ESTAT:SDG_16_30(1.0),24/02/23 23:00:00,A,EUR_HAB,BG,2008,34.8,
ESTAT:SDG_16_30(1.0),24/02/23 23:00:00,A,EUR_HAB,BG,2009,33.9,
ESTAT:SDG_16_30(1.0),24/02/23 23:00:00,A,EUR_HAB,BG,2010,27.8,
ESTAT:SDG_16_30(1.0),24/02/23 23:00:00,A,EUR_HAB,BG,2011,34.6,
ESTAT:SDG_16_30(1.0),24/02/23 23:00:00,A,EUR_HAB,BG,2012,33.9,
ESTAT:SDG_16_30(1.0),24/02/23 23:00:00,A,EUR_HAB,BG,2013,36.6,
ESTAT:SDG_16_30(1.0),24/02/23 23:00:00,A,EUR_HAB,BG,2014,39.3,
ESTAT:SDG_16_30(1.0),24/02/23 23:00:00,A,EUR_HAB,BG,2015,42.3,
ESTAT:SDG_16_30(1.0),24/02/23 23:00:00,A,EUR_HAB,BG,2016,42.1,
ESTAT:SDG_16_30(1.0),24/02/23 23:00:00,A,EUR_HAB,BG,2017,46.8,
ESTAT:SDG_16_30(1.0),24/02/23 23:00:00,A,EUR_HAB,BG,2018,48.5,
ESTAT:SDG_16_30(1.0),24/02/23 23:00:00,A,EUR_HAB,BG,2019,59.6,
ESTAT:SDG_16_30(1.0),24/02/23 23:00:00,A,EUR_HAB,BG,2020,63.6,
ESTAT:SDG_16_30(1.0),24/02/23 23:00:00,A,EUR_HAB,BG,2021,73.6,
ESTAT:SDG_16_30(1.0),24/02/23 23:00:00,A,EUR_HAB,CH,2000,102.5,
ESTAT:SDG_16_30(1.0),24/02/23 23:00:00,A,EUR_HAB,CH,2001,107.3,
ESTAT:SDG_16_30(1.0),24/02/23 23:00:00,A,EUR_HAB,CH,2002,114.5,
ESTAT:SDG_16_30(1.0),24/02/23 23:00:00,A,EUR_HAB,CH,2003,115.0,
ESTAT:SDG_16_30(1.0),24/02/23 23:00:00,A,EUR_HAB,CH,2004,119.0,
ESTAT:SDG_16_30(1.0),24/02/23 23:00:00,A,EUR_HAB,CH,2005,123.7,
ESTAT:SDG_16_30(1.0),24/02/23 23:00:00,A,EUR_HAB,CH,2006,123.7,
ESTAT:SDG_16_30(1.0),24/02/23 23:00:00,A,EUR_HAB,CH,2007,122.6,
ESTAT:SDG_16_30(1.0),24/02/23 23:00:00,A,EUR_HAB,CH,2008,121.5,
ESTAT:SDG_16_30(1.0),24/02/23 23:00:00,A,EUR_HAB,CH,2009,130.7,
ESTAT:SDG_16_30(1.0),24/02/23 23:00:00,A,EUR_HAB,CH,2010,146.6,
ESTAT:SDG_16_30(1.0),24/02/23 23:00:00,A,EUR_HAB,CH,2011,186.8,
ESTAT:SDG_16_30(1.0),24/02/23 23:00:00,A,EUR_HAB,CH,2012,188.5,
ESTAT:SDG_16_30(1.0),24/02/23 23:00:00,A,EUR_HAB,CH,2013,185.3,
ESTAT:SDG_16_30(1.0),24/02/23 23:00:00,A,EUR_HAB,CH,2014,189.3,
ESTAT:SDG_16_30(1.0),24/02/23 23:00:00,A,EUR_HAB,CH,2015,217.1,
ESTAT:SDG_16_30(1.0),24/02/23 23:00:00,A,EUR_HAB,CH,2016,208.2,
ESTAT:SDG_16_30(1.0),24/02/23 23:00:00,A,EUR_HAB,CH,2017,205.7,
ESTAT:SDG_16_30(1.0),24/02/23 23:00:00,A,EUR_HAB,CH,2018,201.0,
ESTAT:SDG_16_30(1.0),24/02/23 23:00:00,A,EUR_HAB,CH,2019,214.5,
ESTAT:SDG_16_30(1.0),24/02/23 23:00:00,A,EUR_HAB,CH,2020,226.6,
ESTAT:SDG_16_30(1.0),24/02/23 23:00:00,A,EUR_HAB,CH,2021,226.7,
ESTAT:SDG_16_30(1.0),24/02/23 23:00:00,A,EUR_HAB,CY,2000,20.6,
ESTAT:SDG_16_30(1.0),24/02/23 23:00:00,A,EUR_HAB,CY,2001,22.0,
ESTAT:SDG_16_30(1.0),24/02/23 23:00:00,A,EUR_HAB,CY,2002,24.0,
ESTAT:SDG_16_30(1.0),24/02/23 23:00:00,A,EUR_HAB,CY,2003,27.8,
ESTAT:SDG_16_30(1.0),24/02/23 23:00:00,A,EUR_HAB,CY,2004,27.9,
ESTAT:SDG_16_30(1.0),24/02/23 23:00:00,A,EUR_HAB,CY,2005,29.2,
ESTAT:SDG_16_30(1.0),24/02/23 23:00:00,A,EUR_HAB,CY,2006,31.2,
ESTAT:SDG_16_30(1.0),24/02/23 23:00:00,A,EUR_HAB,CY,2007,32.3,
ESTAT:SDG_16_30(1.0),24/02/23 23:00:00,A,EUR_HAB,CY,2008,31.7,
ESTAT:SDG_16_30(1.0),24/02/23 23:00:00,A,EUR_HAB,CY,2009,31.9,
ESTAT:SDG_16_30(1.0),24/02/23 23:00:00,A,EUR_HAB,CY,2010,30.7,
ESTAT:SDG_16_30(1.0),24/02/23 23:00:00,A,EUR_HAB,CY,2011,30.9,
ESTAT:SDG_16_30(1.0),24/02/23 23:00:00,A,EUR_HAB,CY,2012,30.1,
ESTAT:SDG_16_30(1.0),24/02/23 23:00:00,A,EUR_HAB,CY,2013,29.7,
ESTAT:SDG_16_30(1.0),24/02/23 23:00:00,A,EUR_HAB,CY,2014,25.6,
ESTAT:SDG_16_30(1.0),24/02/23 23:00:00,A,EUR_HAB,CY,2015,25.5,
ESTAT:SDG_16_30(1.0),24/02/23 23:00:00,A,EUR_HAB,CY,2016,27.0,
ESTAT:SDG_16_30(1.0),24/02/23 23:00:00,A,EUR_HAB,CY,2017,30.5,
ESTAT:SDG_16_30(1.0),24/02/23 23:00:00,A,EUR_HAB,CY,2018,40.0,
ESTAT:SDG_16_30(1.0),24/02/23 23:00:00,A,EUR_HAB,CY,2019,34.5,
ESTAT:SDG_16_30(1.0),24/02/23 23:00:00,A,EUR_HAB,CY,2020,37.6,
ESTAT:SDG_16_30(1.0),24/02/23 23:00:00,A,EUR_HAB,CY,2021,36.8,p
ESTAT:SDG_16_30(1.0),24/02/23 23:00:00,A,EUR_HAB,CZ,2000,19.5,
ESTAT:SDG_16_30(1.0),24/02/23 23:00:00,A,EUR_HAB,CZ,2001,22.1,
ESTAT:SDG_16_30(1.0),24/02/23 23:00:00,A,EUR_HAB,CZ,2002,27.4,
ESTAT:SDG_16_30(1.0),24/02/23 23:00:00,A,EUR_HAB,CZ,2003,27.9,
ESTAT:SDG_16_30(1.0),24/02/23 23:00:00,A,EUR_HAB,CZ,2004,28.3,
ESTAT:SDG_16_30(1.0),24/02/23 23:00:00,A,EUR_HAB,CZ,2005,34.3,
ESTAT:SDG_16_30(1.0),24/02/23 23:00:00,A,EUR_HAB,CZ,2006,35.9,
ESTAT:SDG_16_30(1.0),24/02/23 23:00:00,A,EUR_HAB,CZ,2007,39.1,
ESTAT:SDG_16_30(1.0),24/02/23 23:00:00,A,EUR_HAB,CZ,2008,46.2,
ESTAT:SDG_16_30(1.0),24/02/23 23:00:00,A,EUR_HAB,CZ,2009,45.5,
ESTAT:SDG_16_30(1.0),24/02/23 23:00:00,A,EUR_HAB,CZ,2010,44.6,
ESTAT:SDG_16_30(1.0),24/02/23 23:00:00,A,EUR_HAB,CZ,2011,46.5,
ESTAT:SDG_16_30(1.0),24/02/23 23:00:00,A,EUR_HAB,CZ,2012,44.0,
ESTAT:SDG_16_30(1.0),24/02/23 23:00:00,A,EUR_HAB,CZ,2013,45.3,
ESTAT:SDG_16_30(1.0),24/02/23 23:00:00,A,EUR_HAB,CZ,2014,44.0,
ESTAT:SDG_16_30(1.0),24/02/23 23:00:00,A,EUR_HAB,CZ,2015,51.9,
ESTAT:SDG_16_30(1.0),24/02/23 23:00:00,A,EUR_HAB,CZ,2016,51.9,
ESTAT:SDG_16_30(1.0),24/02/23 23:00:00,A,EUR_HAB,CZ,2017,54.7,
ESTAT:SDG_16_30(1.0),24/02/23 23:00:00,A,EUR_HAB,CZ,2018,59.7,
ESTAT:SDG_16_30(1.0),24/02/23 23:00:00,A,EUR_HAB,CZ,2019,65.4,
ESTAT:SDG_16_30(1.0),24/02/23 23:00:00,A,EUR_HAB,CZ,2020,65.8,
ESTAT:SDG_16_30(1.0),24/02/23 23:00:00,A,EUR_HAB,CZ,2021,67.9,
ESTAT:SDG_16_30(1.0),24/02/23 23:00:00,A,EUR_HAB,DE,2000,109.8,
ESTAT:SDG_16_30(1.0),24/02/23 23:00:00,A,EUR_HAB,DE,2001,114.0,
ESTAT:SDG_16_30(1.0),24/02/23 23:00:00,A,EUR_HAB,DE,2002,117.6,
ESTAT:SDG_16_30(1.0),24/02/23 23:00:00,A,EUR_HAB,DE,2003,117.3,
ESTAT:SDG_16_30(1.0),24/02/23 23:00:00,A,EUR_HAB,DE,2004,118.4,
ESTAT:SDG_16_30(1.0),24/02/23 23:00:00,A,EUR_HAB,DE,2005,122.3,
ESTAT:SDG_16_30(1.0),24/02/23 23:00:00,A,EUR_HAB,DE,2006,124.3,
ESTAT:SDG_16_30(1.0),24/02/23 23:00:00,A,EUR_HAB,DE,2007,124.5,
ESTAT:SDG_16_30(1.0),24/02/23 23:00:00,A,EUR_HAB,DE,2008,127.0,
ESTAT:SDG_16_30(1.0),24/02/23 23:00:00,A,EUR_HAB,DE,2009,130.8,
ESTAT:SDG_16_30(1.0),24/02/23 23:00:00,A,EUR_HAB,DE,2010,132.6,
ESTAT:SDG_16_30(1.0),24/02/23 23:00:00,A,EUR_HAB,DE,2011,134.6,
ESTAT:SDG_16_30(1.0),24/02/23 23:00:00,A,EUR_HAB,DE,2012,136.8,
ESTAT:SDG_16_30(1.0),24/02/23 23:00:00,A,EUR_HAB,DE,2013,140.2,
ESTAT:SDG_16_30(1.0),24/02/23 23:00:00,A,EUR_HAB,DE,2014,145.6,
ESTAT:SDG_16_30(1.0),24/02/23 23:00:00,A,EUR_HAB,DE,2015,146.7,
ESTAT:SDG_16_30(1.0),24/02/23 23:00:00,A,EUR_HAB,DE,2016,147.0,
ESTAT:SDG_16_30(1.0),24/02/23 23:00:00,A,EUR_HAB,DE,2017,151.4,
ESTAT:SDG_16_30(1.0),24/02/23 23:00:00,A,EUR_HAB,DE,2018,156.8,
ESTAT:SDG_16_30(1.0),24/02/23 23:00:00,A,EUR_HAB,DE,2019,162.3,p
ESTAT:SDG_16_30(1.0),24/02/23 23:00:00,A,EUR_HAB,DE,2020,160.7,p
ESTAT:SDG_16_30(1.0),24/02/23 23:00:00,A,EUR_HAB,DE,2021,172.2,p
ESTAT:SDG_16_30(1.0),24/02/23 23:00:00,A,EUR_HAB,DK,2000,59.1,
ESTAT:SDG_16_30(1.0),24/02/23 23:00:00,A,EUR_HAB,DK,2001,59.8,
ESTAT:SDG_16_30(1.0),24/02/23 23:00:00,A,EUR_HAB,DK,2002,60.9,
ESTAT:SDG_16_30(1.0),24/02/23 23:00:00,A,EUR_HAB,DK,2003,64.7,
ESTAT:SDG_16_30(1.0),24/02/23 23:00:00,A,EUR_HAB,DK,2004,68.0,
ESTAT:SDG_16_30(1.0),24/02/23 23:00:00,A,EUR_HAB,DK,2005,68.0,
ESTAT:SDG_16_30(1.0),24/02/23 23:00:00,A,EUR_HAB,DK,2006,74.3,
ESTAT:SDG_16_30(1.0),24/02/23 23:00:00,A,EUR_HAB,DK,2007,77.9,
ESTAT:SDG_16_30(1.0),24/02/23 23:00:00,A,EUR_HAB,DK,2008,81.8,
ESTAT:SDG_16_30(1.0),24/02/23 23:00:00,A,EUR_HAB,DK,2009,93.8,
ESTAT:SDG_16_30(1.0),24/02/23 23:00:00,A,EUR_HAB,DK,2010,85.3,
ESTAT:SDG_16_30(1.0),24/02/23 23:00:00,A,EUR_HAB,DK,2011,99.1,
ESTAT:SDG_16_30(1.0),24/02/23 23:00:00,A,EUR_HAB,DK,2012,89.8,
ESTAT:SDG_16_30(1.0),24/02/23 23:00:00,A,EUR_HAB,DK,2013,79.4,
ESTAT:SDG_16_30(1.0),24/02/23 23:00:00,A,EUR_HAB,DK,2014,79.8,
ESTAT:SDG_16_30(1.0),24/02/23 23:00:00,A,EUR_HAB,DK,2015,79.6,
ESTAT:SDG_16_30(1.0),24/02/23 23:00:00,A,EUR_HAB,DK,2016,80.5,
ESTAT:SDG_16_30(1.0),24/02/23 23:00:00,A,EUR_HAB,DK,2017,77.0,
ESTAT:SDG_16_30(1.0),24/02/23 23:00:00,A,EUR_HAB,DK,2018,79.5,
ESTAT:SDG_16_30(1.0),24/02/23 23:00:00,A,EUR_HAB,DK,2019,85.5,
ESTAT:SDG_16_30(1.0),24/02/23 23:00:00,A,EUR_HAB,DK,2020,88.6,
ESTAT:SDG_16_30(1.0),24/02/23 23:00:00,A,EUR_HAB,DK,2021,93.6,
ESTAT:SDG_16_30(1.0),24/02/23 23:00:00,A,EUR_HAB,EA19,2001,72.9,
ESTAT:SDG_16_30(1.0),24/02/23 23:00:00,A,EUR_HAB,EA19,2002,77.9,
ESTAT:SDG_16_30(1.0),24/02/23 23:00:00,A,EUR_HAB,EA19,2003,81.1,
ESTAT:SDG_16_30(1.0),24/02/23 23:00:00,A,EUR_HAB,EA19,2004,79.7,
ESTAT:SDG_16_30(1.0),24/02/23 23:00:00,A,EUR_HAB,EA19,2005,83.4,
ESTAT:SDG_16_30(1.0),24/02/23 23:00:00,A,EUR_HAB,EA19,2006,84.4,
ESTAT:SDG_16_30(1.0),24/02/23 23:00:00,A,EUR_HAB,EA19,2007,86.8,
ESTAT:SDG_16_30(1.0),24/02/23 23:00:00,A,EUR_HAB,EA19,2008,90.5,
ESTAT:SDG_16_30(1.0),24/02/23 23:00:00,A,EUR_HAB,EA19,2009,94.3,
ESTAT:SDG_16_30(1.0),24/02/23 23:00:00,A,EUR_HAB,EA19,2010,94.5,
ESTAT:SDG_16_30(1.0),24/02/23 23:00:00,A,EUR_HAB,EA19,2011,97.2,
ESTAT:SDG_16_30(1.0),24/02/23 23:00:00,A,EUR_HAB,EA19,2012,94.5,
ESTAT:SDG_16_30(1.0),24/02/23 23:00:00,A,EUR_HAB,EA19,2013,96.4,
ESTAT:SDG_16_30(1.0),24/02/23 23:00:00,A,EUR_HAB,EA19,2014,97.7,
ESTAT:SDG_16_30(1.0),24/02/23 23:00:00,A,EUR_HAB,EA19,2015,98.9,
ESTAT:SDG_16_30(1.0),24/02/23 23:00:00,A,EUR_HAB,EA19,2016,99.8,
ESTAT:SDG_16_30(1.0),24/02/23 23:00:00,A,EUR_HAB,EA19,2017,102.5,
ESTAT:SDG_16_30(1.0),24/02/23 23:00:00,A,EUR_HAB,EA19,2018,106.6,
ESTAT:SDG_16_30(1.0),24/02/23 23:00:00,A,EUR_HAB,EA19,2019,109.8,
ESTAT:SDG_16_30(1.0),24/02/23 23:00:00,A,EUR_HAB,EA19,2020,109.9,
ESTAT:SDG_16_30(1.0),24/02/23 23:00:00,A,EUR_HAB,EA19,2021,116.1,
ESTAT:SDG_16_30(1.0),24/02/23 23:00:00,A,EUR_HAB,EA20,2001,72.4,
ESTAT:SDG_16_30(1.0),24/02/23 23:00:00,A,EUR_HAB,EA20,2002,77.4,
ESTAT:SDG_16_30(1.0),24/02/23 23:00:00,A,EUR_HAB,EA20,2003,80.6,
ESTAT:SDG_16_30(1.0),24/02/23 23:00:00,A,EUR_HAB,EA20,2004,79.2,
ESTAT:SDG_16_30(1.0),24/02/23 23:00:00,A,EUR_HAB,EA20,2005,82.9,
ESTAT:SDG_16_30(1.0),24/02/23 23:00:00,A,EUR_HAB,EA20,2006,83.9,
ESTAT:SDG_16_30(1.0),24/02/23 23:00:00,A,EUR_HAB,EA20,2007,86.3,
ESTAT:SDG_16_30(1.0),24/02/23 23:00:00,A,EUR_HAB,EA20,2008,90.0,
ESTAT:SDG_16_30(1.0),24/02/23 23:00:00,A,EUR_HAB,EA20,2009,93.9,
ESTAT:SDG_16_30(1.0),24/02/23 23:00:00,A,EUR_HAB,EA20,2010,94.0,
ESTAT:SDG_16_30(1.0),24/02/23 23:00:00,A,EUR_HAB,EA20,2011,96.6,
ESTAT:SDG_16_30(1.0),24/02/23 23:00:00,A,EUR_HAB,EA20,2012,93.9,
ESTAT:SDG_16_30(1.0),24/02/23 23:00:00,A,EUR_HAB,EA20,2013,95.8,
ESTAT:SDG_16_30(1.0),24/02/23 23:00:00,A,EUR_HAB,EA20,2014,97.1,
ESTAT:SDG_16_30(1.0),24/02/23 23:00:00,A,EUR_HAB,EA20,2015,98.3,
ESTAT:SDG_16_30(1.0),24/02/23 23:00:00,A,EUR_HAB,EA20,2016,99.2,
ESTAT:SDG_16_30(1.0),24/02/23 23:00:00,A,EUR_HAB,EA20,2017,101.9,
ESTAT:SDG_16_30(1.0),24/02/23 23:00:00,A,EUR_HAB,EA20,2018,106.1,
ESTAT:SDG_16_30(1.0),24/02/23 23:00:00,A,EUR_HAB,EA20,2019,109.3,
ESTAT:SDG_16_30(1.0),24/02/23 23:00:00,A,EUR_HAB,EA20,2020,109.3,
ESTAT:SDG_16_30(1.0),24/02/23 23:00:00,A,EUR_HAB,EA20,2021,115.5,
ESTAT:SDG_16_30(1.0),24/02/23 23:00:00,A,EUR_HAB,EE,2000,11.3,
ESTAT:SDG_16_30(1.0),24/02/23 23:00:00,A,EUR_HAB,EE,2001,11.3,
ESTAT:SDG_16_30(1.0),24/02/23 23:00:00,A,EUR_HAB,EE,2002,12.5,
ESTAT:SDG_16_30(1.0),24/02/23 23:00:00,A,EUR_HAB,EE,2003,14.8,
ESTAT:SDG_16_30(1.0),24/02/23 23:00:00,A,EUR_HAB,EE,2004,19.0,
ESTAT:SDG_16_30(1.0),24/02/23 23:00:00,A,EUR_HAB,EE,2005,20.8,
ESTAT:SDG_16_30(1.0),24/02/23 23:00:00,A,EUR_HAB,EE,2006,23.1,
ESTAT:SDG_16_30(1.0),24/02/23 23:00:00,A,EUR_HAB,EE,2007,30.8,
ESTAT:SDG_16_30(1.0),24/02/23 23:00:00,A,EUR_HAB,EE,2008,41.7,
ESTAT:SDG_16_30(1.0),24/02/23 23:00:00,A,EUR_HAB,EE,2009,31.6,
ESTAT:SDG_16_30(1.0),24/02/23 23:00:00,A,EUR_HAB,EE,2010,30.7,
ESTAT:SDG_16_30(1.0),24/02/23 23:00:00,A,EUR_HAB,EE,2011,33.3,
ESTAT:SDG_16_30(1.0),24/02/23 23:00:00,A,EUR_HAB,EE,2012,36.4,
ESTAT:SDG_16_30(1.0),24/02/23 23:00:00,A,EUR_HAB,EE,2013,40.1,
ESTAT:SDG_16_30(1.0),24/02/23 23:00:00,A,EUR_HAB,EE,2014,47.1,
ESTAT:SDG_16_30(1.0),24/02/23 23:00:00,A,EUR_HAB,EE,2015,48.0,
ESTAT:SDG_16_30(1.0),24/02/23 23:00:00,A,EUR_HAB,EE,2016,50.7,
ESTAT:SDG_16_30(1.0),24/02/23 23:00:00,A,EUR_HAB,EE,2017,55.3,
ESTAT:SDG_16_30(1.0),24/02/23 23:00:00,A,EUR_HAB,EE,2018,58.2,
ESTAT:SDG_16_30(1.0),24/02/23 23:00:00,A,EUR_HAB,EE,2019,65.0,
ESTAT:SDG_16_30(1.0),24/02/23 23:00:00,A,EUR_HAB,EE,2020,65.0,
ESTAT:SDG_16_30(1.0),24/02/23 23:00:00,A,EUR_HAB,EE,2021,64.4,
ESTAT:SDG_16_30(1.0),24/02/23 23:00:00,A,EUR_HAB,EL,2001,35.6,
ESTAT:SDG_16_30(1.0),24/02/23 23:00:00,A,EUR_HAB,EL,2002,38.5,
ESTAT:SDG_16_30(1.0),24/02/23 23:00:00,A,EUR_HAB,EL,2003,39.3,
ESTAT:SDG_16_30(1.0),24/02/23 23:00:00,A,EUR_HAB,EL,2004,42.9,
ESTAT:SDG_16_30(1.0),24/02/23 23:00:00,A,EUR_HAB,EL,2005,44.3,
ESTAT:SDG_16_30(1.0),24/02/23 23:00:00,A,EUR_HAB,EL,2006,47.0,
ESTAT:SDG_16_30(1.0),24/02/23 23:00:00,A,EUR_HAB,EL,2007,52.0,
ESTAT:SDG_16_30(1.0),24/02/23 23:00:00,A,EUR_HAB,EL,2008,69.1,
ESTAT:SDG_16_30(1.0),24/02/23 23:00:00,A,EUR_HAB,EL,2009,76.3,
ESTAT:SDG_16_30(1.0),24/02/23 23:00:00,A,EUR_HAB,EL,2010,60.7,b
ESTAT:SDG_16_30(1.0),24/02/23 23:00:00,A,EUR_HAB,EL,2011,59.1,
ESTAT:SDG_16_30(1.0),24/02/23 23:00:00,A,EUR_HAB,EL,2012,52.8,
ESTAT:SDG_16_30(1.0),24/02/23 23:00:00,A,EUR_HAB,EL,2013,57.1,
ESTAT:SDG_16_30(1.0),24/02/23 23:00:00,A,EUR_HAB,EL,2014,67.5,
ESTAT:SDG_16_30(1.0),24/02/23 23:00:00,A,EUR_HAB,EL,2015,50.9,
ESTAT:SDG_16_30(1.0),24/02/23 23:00:00,A,EUR_HAB,EL,2016,54.1,
ESTAT:SDG_16_30(1.0),24/02/23 23:00:00,A,EUR_HAB,EL,2017,55.4,
ESTAT:SDG_16_30(1.0),24/02/23 23:00:00,A,EUR_HAB,EL,2018,62.5,
ESTAT:SDG_16_30(1.0),24/02/23 23:00:00,A,EUR_HAB,EL,2019,62.4,
ESTAT:SDG_16_30(1.0),24/02/23 23:00:00,A,EUR_HAB,EL,2020,63.0,p
ESTAT:SDG_16_30(1.0),24/02/23 23:00:00,A,EUR_HAB,EL,2021,60.7,p
ESTAT:SDG_16_30(1.0),24/02/23 23:00:00,A,EUR_HAB,ES,2000,43.7,
ESTAT:SDG_16_30(1.0),24/02/23 23:00:00,A,EUR_HAB,ES,2001,48.9,
ESTAT:SDG_16_30(1.0),24/02/23 23:00:00,A,EUR_HAB,ES,2002,54.3,
ESTAT:SDG_16_30(1.0),24/02/23 23:00:00,A,EUR_HAB,ES,2003,61.8,
ESTAT:SDG_16_30(1.0),24/02/23 23:00:00,A,EUR_HAB,ES,2004,61.5,
ESTAT:SDG_16_30(1.0),24/02/23 23:00:00,A,EUR_HAB,ES,2005,65.4,
ESTAT:SDG_16_30(1.0),24/02/23 23:00:00,A,EUR_HAB,ES,2006,67.7,
ESTAT:SDG_16_30(1.0),24/02/23 23:00:00,A,EUR_HAB,ES,2007,75.6,
ESTAT:SDG_16_30(1.0),24/02/23 23:00:00,A,EUR_HAB,ES,2008,83.2,
ESTAT:SDG_16_30(1.0),24/02/23 23:00:00,A,EUR_HAB,ES,2009,89.0,
ESTAT:SDG_16_30(1.0),24/02/23 23:00:00,A,EUR_HAB,ES,2010,90.0,
ESTAT:SDG_16_30(1.0),24/02/23 23:00:00,A,EUR_HAB,ES,2011,87.5,
ESTAT:SDG_16_30(1.0),24/02/23 23:00:00,A,EUR_HAB,ES,2012,82.5,
ESTAT:SDG_16_30(1.0),24/02/23 23:00:00,A,EUR_HAB,ES,2013,80.7,
ESTAT:SDG_16_30(1.0),24/02/23 23:00:00,A,EUR_HAB,ES,2014,79.6,
ESTAT:SDG_16_30(1.0),24/02/23 23:00:00,A,EUR_HAB,ES,2015,83.5,
ESTAT:SDG_16_30(1.0),24/02/23 23:00:00,A,EUR_HAB,ES,2016,83.4,
ESTAT:SDG_16_30(1.0),24/02/23 23:00:00,A,EUR_HAB,ES,2017,85.0,
ESTAT:SDG_16_30(1.0),24/02/23 23:00:00,A,EUR_HAB,ES,2018,88.0,
ESTAT:SDG_16_30(1.0),24/02/23 23:00:00,A,EUR_HAB,ES,2019,90.2,
ESTAT:SDG_16_30(1.0),24/02/23 23:00:00,A,EUR_HAB,ES,2020,92.1,p
ESTAT:SDG_16_30(1.0),24/02/23 23:00:00,A,EUR_HAB,ES,2021,96.8,p
ESTAT:SDG_16_30(1.0),24/02/23 23:00:00,A,EUR_HAB,EU27_2020,2001,61.2,
ESTAT:SDG_16_30(1.0),24/02/23 23:00:00,A,EUR_HAB,EU27_2020,2002,65.4,
ESTAT:SDG_16_30(1.0),24/02/23 23:00:00,A,EUR_HAB,EU27_2020,2003,68.4,
ESTAT:SDG_16_30(1.0),24/02/23 23:00:00,A,EUR_HAB,EU27_2020,2004,67.8,
ESTAT:SDG_16_30(1.0),24/02/23 23:00:00,A,EUR_HAB,EU27_2020,2005,71.8,
ESTAT:SDG_16_30(1.0),24/02/23 23:00:00,A,EUR_HAB,EU27_2020,2006,73.9,
ESTAT:SDG_16_30(1.0),24/02/23 23:00:00,A,EUR_HAB,EU27_2020,2007,77.2,
ESTAT:SDG_16_30(1.0),24/02/23 23:00:00,A,EUR_HAB,EU27_2020,2008,81.4,
ESTAT:SDG_16_30(1.0),24/02/23 23:00:00,A,EUR_HAB,EU27_2020,2009,82.9,
ESTAT:SDG_16_30(1.0),24/02/23 23:00:00,A,EUR_HAB,EU27_2020,2010,83.8,
ESTAT:SDG_16_30(1.0),24/02/23 23:00:00,A,EUR_HAB,EU27_2020,2011,86.1,
ESTAT:SDG_16_30(1.0),24/02/23 23:00:00,A,EUR_HAB,EU27_2020,2012,84.5,
ESTAT:SDG_16_30(1.0),24/02/23 23:00:00,A,EUR_HAB,EU27_2020,2013,86.4,
ESTAT:SDG_16_30(1.0),24/02/23 23:00:00,A,EUR_HAB,EU27_2020,2014,87.4,
ESTAT:SDG_16_30(1.0),24/02/23 23:00:00,A,EUR_HAB,EU27_2020,2015,88.8,
ESTAT:SDG_16_30(1.0),24/02/23 23:00:00,A,EUR_HAB,EU27_2020,2016,89.9,
ESTAT:SDG_16_30(1.0),24/02/23 23:00:00,A,EUR_HAB,EU27_2020,2017,93.2,
ESTAT:SDG_16_30(1.0),24/02/23 23:00:00,A,EUR_HAB,EU27_2020,2018,96.8,
ESTAT:SDG_16_30(1.0),24/02/23 23:00:00,A,EUR_HAB,EU27_2020,2019,100.5,
ESTAT:SDG_16_30(1.0),24/02/23 23:00:00,A,EUR_HAB,EU27_2020,2020,101.1,
ESTAT:SDG_16_30(1.0),24/02/23 23:00:00,A,EUR_HAB,EU27_2020,2021,107.0,
ESTAT:SDG_16_30(1.0),24/02/23 23:00:00,A,EUR_HAB,FI,2001,67.1,
ESTAT:SDG_16_30(1.0),24/02/23 23:00:00,A,EUR_HAB,FI,2002,70.4,
ESTAT:SDG_16_30(1.0),24/02/23 23:00:00,A,EUR_HAB,FI,2003,73.5,
ESTAT:SDG_16_30(1.0),24/02/23 23:00:00,A,EUR_HAB,FI,2004,72.5,
ESTAT:SDG_16_30(1.0),24/02/23 23:00:00,A,EUR_HAB,FI,2005,74.3,
ESTAT:SDG_16_30(1.0),24/02/23 23:00:00,A,EUR_HAB,FI,2006,74.6,
ESTAT:SDG_16_30(1.0),24/02/23 23:00:00,A,EUR_HAB,FI,2007,77.7,
ESTAT:SDG_16_30(1.0),24/02/23 23:00:00,A,EUR_HAB,FI,2008,82.8,
ESTAT:SDG_16_30(1.0),24/02/23 23:00:00,A,EUR_HAB,FI,2009,89.5,
ESTAT:SDG_16_30(1.0),24/02/23 23:00:00,A,EUR_HAB,FI,2010,90.8,
ESTAT:SDG_16_30(1.0),24/02/23 23:00:00,A,EUR_HAB,FI,2011,84.4,
ESTAT:SDG_16_30(1.0),24/02/23 23:00:00,A,EUR_HAB,FI,2012,86.4,
ESTAT:SDG_16_30(1.0),24/02/23 23:00:00,A,EUR_HAB,FI,2013,88.4,
ESTAT:SDG_16_30(1.0),24/02/23 23:00:00,A,EUR_HAB,FI,2014,89.5,
ESTAT:SDG_16_30(1.0),24/02/23 23:00:00,A,EUR_HAB,FI,2015,89.0,
ESTAT:SDG_16_30(1.0),24/02/23 23:00:00,A,EUR_HAB,FI,2016,91.7,
ESTAT:SDG_16_30(1.0),24/02/23 23:00:00,A,EUR_HAB,FI,2017,98.8,
ESTAT:SDG_16_30(1.0),24/02/23 23:00:00,A,EUR_HAB,FI,2018,100.3,
ESTAT:SDG_16_30(1.0),24/02/23 23:00:00,A,EUR_HAB,FI,2019,111.7,
ESTAT:SDG_16_30(1.0),24/02/23 23:00:00,A,EUR_HAB,FI,2020,102.3,
ESTAT:SDG_16_30(1.0),24/02/23 23:00:00,A,EUR_HAB,FI,2021,103.4,
ESTAT:SDG_16_30(1.0),24/02/23 23:00:00,A,EUR_HAB,FR,2000,50.3,
ESTAT:SDG_16_30(1.0),24/02/23 23:00:00,A,EUR_HAB,FR,2001,53.4,
ESTAT:SDG_16_30(1.0),24/02/23 23:00:00,A,EUR_HAB,FR,2002,57.9,
ESTAT:SDG_16_30(1.0),24/02/23 23:00:00,A,EUR_HAB,FR,2003,59.5,
ESTAT:SDG_16_30(1.0),24/02/23 23:00:00,A,EUR_HAB,FR,2004,62.0,
ESTAT:SDG_16_30(1.0),24/02/23 23:00:00,A,EUR_HAB,FR,2005,61.0,
ESTAT:SDG_16_30(1.0),24/02/23 23:00:00,A,EUR_HAB,FR,2006,61.6,
ESTAT:SDG_16_30(1.0),24/02/23 23:00:00,A,EUR_HAB,FR,2007,62.8,
ESTAT:SDG_16_30(1.0),24/02/23 23:00:00,A,EUR_HAB,FR,2008,67.2,
ESTAT:SDG_16_30(1.0),24/02/23 23:00:00,A,EUR_HAB,FR,2009,70.8,
ESTAT:SDG_16_30(1.0),24/02/23 23:00:00,A,EUR_HAB,FR,2010,73.2,
ESTAT:SDG_16_30(1.0),24/02/23 23:00:00,A,EUR_HAB,FR,2011,71.9,
ESTAT:SDG_16_30(1.0),24/02/23 23:00:00,A,EUR_HAB,FR,2012,73.2,
ESTAT:SDG_16_30(1.0),24/02/23 23:00:00,A,EUR_HAB,FR,2013,73.3,
ESTAT:SDG_16_30(1.0),24/02/23 23:00:00,A,EUR_HAB,FR,2014,75.1,
ESTAT:SDG_16_30(1.0),24/02/23 23:00:00,A,EUR_HAB,FR,2015,75.2,
ESTAT:SDG_16_30(1.0),24/02/23 23:00:00,A,EUR_HAB,FR,2016,77.4,
ESTAT:SDG_16_30(1.0),24/02/23 23:00:00,A,EUR_HAB,FR,2017,78.4,
ESTAT:SDG_16_30(1.0),24/02/23 23:00:00,A,EUR_HAB,FR,2018,82.1,
ESTAT:SDG_16_30(1.0),24/02/23 23:00:00,A,EUR_HAB,FR,2019,83.9,p
ESTAT:SDG_16_30(1.0),24/02/23 23:00:00,A,EUR_HAB,FR,2020,84.0,p
ESTAT:SDG_16_30(1.0),24/02/23 23:00:00,A,EUR_HAB,FR,2021,91.9,p
ESTAT:SDG_16_30(1.0),24/02/23 23:00:00,A,EUR_HAB,HR,2000,32.3,e
ESTAT:SDG_16_30(1.0),24/02/23 23:00:00,A,EUR_HAB,HR,2001,36.4,b
ESTAT:SDG_16_30(1.0),24/02/23 23:00:00,A,EUR_HAB,HR,2002,38.5,
ESTAT:SDG_16_30(1.0),24/02/23 23:00:00,A,EUR_HAB,HR,2003,37.3,
ESTAT:SDG_16_30(1.0),24/02/23 23:00:00,A,EUR_HAB,HR,2004,43.7,
ESTAT:SDG_16_30(1.0),24/02/23 23:00:00,A,EUR_HAB,HR,2005,43.3,
ESTAT:SDG_16_30(1.0),24/02/23 23:00:00,A,EUR_HAB,HR,2006,44.8,
ESTAT:SDG_16_30(1.0),24/02/23 23:00:00,A,EUR_HAB,HR,2007,53.7,
ESTAT:SDG_16_30(1.0),24/02/23 23:00:00,A,EUR_HAB,HR,2008,56.1,
ESTAT:SDG_16_30(1.0),24/02/23 23:00:00,A,EUR_HAB,HR,2009,58.5,
ESTAT:SDG_16_30(1.0),24/02/23 23:00:00,A,EUR_HAB,HR,2010,52.8,
ESTAT:SDG_16_30(1.0),24/02/23 23:00:00,A,EUR_HAB,HR,2011,49.2,
ESTAT:SDG_16_30(1.0),24/02/23 23:00:00,A,EUR_HAB,HR,2012,51.3,
ESTAT:SDG_16_30(1.0),24/02/23 23:00:00,A,EUR_HAB,HR,2013,50.7,
ESTAT:SDG_16_30(1.0),24/02/23 23:00:00,A,EUR_HAB,HR,2014,49.1,
ESTAT:SDG_16_30(1.0),24/02/23 23:00:00,A,EUR_HAB,HR,2015,50.1,
ESTAT:SDG_16_30(1.0),24/02/23 23:00:00,A,EUR_HAB,HR,2016,51.6,
ESTAT:SDG_16_30(1.0),24/02/23 23:00:00,A,EUR_HAB,HR,2017,54.4,
ESTAT:SDG_16_30(1.0),24/02/23 23:00:00,A,EUR_HAB,HR,2018,57.8,
ESTAT:SDG_16_30(1.0),24/02/23 23:00:00,A,EUR_HAB,HR,2019,62.1,
ESTAT:SDG_16_30(1.0),24/02/23 23:00:00,A,EUR_HAB,HR,2020,63.6,
ESTAT:SDG_16_30(1.0),24/02/23 23:00:00,A,EUR_HAB,HR,2021,66.7,
ESTAT:SDG_16_30(1.0),24/02/23 23:00:00,A,EUR_HAB,HU,2000,16.9,
ESTAT:SDG_16_30(1.0),24/02/23 23:00:00,A,EUR_HAB,HU,2001,19.5,
ESTAT:SDG_16_30(1.0),24/02/23 23:00:00,A,EUR_HAB,HU,2002,24.8,
ESTAT:SDG_16_30(1.0),24/02/23 23:00:00,A,EUR_HAB,HU,2003,27.3,
ESTAT:SDG_16_30(1.0),24/02/23 23:00:00,A,EUR_HAB,HU,2004,38.2,
ESTAT:SDG_16_30(1.0),24/02/23 23:00:00,A,EUR_HAB,HU,2005,41.5,
ESTAT:SDG_16_30(1.0),24/02/23 23:00:00,A,EUR_HAB,HU,2006,40.4,
ESTAT:SDG_16_30(1.0),24/02/23 23:00:00,A,EUR_HAB,HU,2007,41.0,
ESTAT:SDG_16_30(1.0),24/02/23 23:00:00,A,EUR_HAB,HU,2008,45.5,
ESTAT:SDG_16_30(1.0),24/02/23 23:00:00,A,EUR_HAB,HU,2009,39.7,
ESTAT:SDG_16_30(1.0),24/02/23 23:00:00,A,EUR_HAB,HU,2010,38.2,
ESTAT:SDG_16_30(1.0),24/02/23 23:00:00,A,EUR_HAB,HU,2011,40.0,
ESTAT:SDG_16_30(1.0),24/02/23 23:00:00,A,EUR_HAB,HU,2012,41.3,
ESTAT:SDG_16_30(1.0),24/02/23 23:00:00,A,EUR_HAB,HU,2013,43.9,
ESTAT:SDG_16_30(1.0),24/02/23 23:00:00,A,EUR_HAB,HU,2014,41.5,
ESTAT:SDG_16_30(1.0),24/02/23 23:00:00,A,EUR_HAB,HU,2015,43.6,
ESTAT:SDG_16_30(1.0),24/02/23 23:00:00,A,EUR_HAB,HU,2016,48.4,
ESTAT:SDG_16_30(1.0),24/02/23 23:00:00,A,EUR_HAB,HU,2017,52.6,
ESTAT:SDG_16_30(1.0),24/02/23 23:00:00,A,EUR_HAB,HU,2018,57.3,
ESTAT:SDG_16_30(1.0),24/02/23 23:00:00,A,EUR_HAB,HU,2019,61.9,
ESTAT:SDG_16_30(1.0),24/02/23 23:00:00,A,EUR_HAB,HU,2020,58.8,p
ESTAT:SDG_16_30(1.0),24/02/23 23:00:00,A,EUR_HAB,HU,2021,60.8,p
ESTAT:SDG_16_30(1.0),24/02/23 23:00:00,A,EUR_HAB,IE,2000,52.8,
ESTAT:SDG_16_30(1.0),24/02/23 23:00:00,A,EUR_HAB,IE,2001,65.9,
ESTAT:SDG_16_30(1.0),24/02/23 23:00:00,A,EUR_HAB,IE,2002,73.6,
ESTAT:SDG_16_30(1.0),24/02/23 23:00:00,A,EUR_HAB,IE,2003,82.6,
ESTAT:SDG_16_30(1.0),24/02/23 23:00:00,A,EUR_HAB,IE,2004,86.7,
ESTAT:SDG_16_30(1.0),24/02/23 23:00:00,A,EUR_HAB,IE,2005,88.0,
ESTAT:SDG_16_30(1.0),24/02/23 23:00:00,A,EUR_HAB,IE,2006,94.0,
ESTAT:SDG_16_30(1.0),24/02/23 23:00:00,A,EUR_HAB,IE,2007,106.7,
ESTAT:SDG_16_30(1.0),24/02/23 23:00:00,A,EUR_HAB,IE,2008,113.6,
ESTAT:SDG_16_30(1.0),24/02/23 23:00:00,A,EUR_HAB,IE,2009,98.3,
ESTAT:SDG_16_30(1.0),24/02/23 23:00:00,A,EUR_HAB,IE,2010,97.6,
ESTAT:SDG_16_30(1.0),24/02/23 23:00:00,A,EUR_HAB,IE,2011,132.5,
ESTAT:SDG_16_30(1.0),24/02/23 23:00:00,A,EUR_HAB,IE,2012,121.9,
ESTAT:SDG_16_30(1.0),24/02/23 23:00:00,A,EUR_HAB,IE,2013,121.6,
ESTAT:SDG_16_30(1.0),24/02/23 23:00:00,A,EUR_HAB,IE,2014,118.3,
ESTAT:SDG_16_30(1.0),24/02/23 23:00:00,A,EUR_HAB,IE,2015,121.1,
ESTAT:SDG_16_30(1.0),24/02/23 23:00:00,A,EUR_HAB,IE,2016,125.0,
ESTAT:SDG_16_30(1.0),24/02/23 23:00:00,A,EUR_HAB,IE,2017,131.6,
ESTAT:SDG_16_30(1.0),24/02/23 23:00:00,A,EUR_HAB,IE,2018,139.3,
ESTAT:SDG_16_30(1.0),24/02/23 23:00:00,A,EUR_HAB,IE,2019,145.4,
ESTAT:SDG_16_30(1.0),24/02/23 23:00:00,A,EUR_HAB,IE,2020,149.4,
ESTAT:SDG_16_30(1.0),24/02/23 23:00:00,A,EUR_HAB,IE,2021,150.0,
ESTAT:SDG_16_30(1.0),24/02/23 23:00:00,A,EUR_HAB,IS,2000,67.9,
ESTAT:SDG_16_30(1.0),24/02/23 23:00:00,A,EUR_HAB,IS,2001,62.1,
ESTAT:SDG_16_30(1.0),24/02/23 23:00:00,A,EUR_HAB,IS,2002,65.0,
ESTAT:SDG_16_30(1.0),24/02/23 23:00:00,A,EUR_HAB,IS,2003,75.0,
ESTAT:SDG_16_30(1.0),24/02/23 23:00:00,A,EUR_HAB,IS,2004,78.3,
ESTAT:SDG_16_30(1.0),24/02/23 23:00:00,A,EUR_HAB,IS,2005,92.9,
ESTAT:SDG_16_30(1.0),24/02/23 23:00:00,A,EUR_HAB,IS,2006,92.7,
ESTAT:SDG_16_30(1.0),24/02/23 23:00:00,A,EUR_HAB,IS,2007,101.8,
ESTAT:SDG_16_30(1.0),24/02/23 23:00:00,A,EUR_HAB,IS,2008,63.6,
ESTAT:SDG_16_30(1.0),24/02/23 23:00:00,A,EUR_HAB,IS,2009,57.0,
ESTAT:SDG_16_30(1.0),24/02/23 23:00:00,A,EUR_HAB,IS,2010,61.0,
ESTAT:SDG_16_30(1.0),24/02/23 23:00:00,A,EUR_HAB,IS,2011,59.6,
ESTAT:SDG_16_30(1.0),24/02/23 23:00:00,A,EUR_HAB,IS,2012,68.0,
ESTAT:SDG_16_30(1.0),24/02/23 23:00:00,A,EUR_HAB,IS,2013,73.5,
ESTAT:SDG_16_30(1.0),24/02/23 23:00:00,A,EUR_HAB,IS,2014,83.1,
ESTAT:SDG_16_30(1.0),24/02/23 23:00:00,A,EUR_HAB,IS,2015,103.7,
ESTAT:SDG_16_30(1.0),24/02/23 23:00:00,A,EUR_HAB,IS,2016,121.6,
ESTAT:SDG_16_30(1.0),24/02/23 23:00:00,A,EUR_HAB,IS,2017,147.6,
ESTAT:SDG_16_30(1.0),24/02/23 23:00:00,A,EUR_HAB,IS,2018,155.4,
ESTAT:SDG_16_30(1.0),24/02/23 23:00:00,A,EUR_HAB,IS,2019,148.4,
ESTAT:SDG_16_30(1.0),24/02/23 23:00:00,A,EUR_HAB,IS,2020,128.8,
ESTAT:SDG_16_30(1.0),24/02/23 23:00:00,A,EUR_HAB,IS,2021,136.6,
ESTAT:SDG_16_30(1.0),24/02/23 23:00:00,A,EUR_HAB,IT,2001,80.3,
ESTAT:SDG_16_30(1.0),24/02/23 23:00:00,A,EUR_HAB,IT,2002,86.3,
ESTAT:SDG_16_30(1.0),24/02/23 23:00:00,A,EUR_HAB,IT,2003,91.0,
ESTAT:SDG_16_30(1.0),24/02/23 23:00:00,A,EUR_HAB,IT,2004,78.2,
ESTAT:SDG_16_30(1.0),24/02/23 23:00:00,A,EUR_HAB,IT,2005,89.4,
ESTAT:SDG_16_30(1.0),24/02/23 23:00:00,A,EUR_HAB,IT,2006,85.4,
ESTAT:SDG_16_30(1.0),24/02/23 23:00:00,A,EUR_HAB,IT,2007,86.6,
ESTAT:SDG_16_30(1.0),24/02/23 23:00:00,A,EUR_HAB,IT,2008,84.7,
ESTAT:SDG_16_30(1.0),24/02/23 23:00:00,A,EUR_HAB,IT,2009,90.1,
ESTAT:SDG_16_30(1.0),24/02/23 23:00:00,A,EUR_HAB,IT,2010,86.1,
ESTAT:SDG_16_30(1.0),24/02/23 23:00:00,A,EUR_HAB,IT,2011,97.9,
ESTAT:SDG_16_30(1.0),24/02/23 23:00:00,A,EUR_HAB,IT,2012,85.1,
ESTAT:SDG_16_30(1.0),24/02/23 23:00:00,A,EUR_HAB,IT,2013,90.9,
ESTAT:SDG_16_30(1.0),24/02/23 23:00:00,A,EUR_HAB,IT,2014,88.7,
ESTAT:SDG_16_30(1.0),24/02/23 23:00:00,A,EUR_HAB,IT,2015,92.3,
ESTAT:SDG_16_30(1.0),24/02/23 23:00:00,A,EUR_HAB,IT,2016,90.7,
ESTAT:SDG_16_30(1.0),24/02/23 23:00:00,A,EUR_HAB,IT,2017,93.9,
ESTAT:SDG_16_30(1.0),24/02/23 23:00:00,A,EUR_HAB,IT,2018,97.2,
ESTAT:SDG_16_30(1.0),24/02/23 23:00:00,A,EUR_HAB,IT,2019,99.6,
ESTAT:SDG_16_30(1.0),24/02/23 23:00:00,A,EUR_HAB,IT,2020,97.8,
ESTAT:SDG_16_30(1.0),24/02/23 23:00:00,A,EUR_HAB,IT,2021,101.5,
ESTAT:SDG_16_30(1.0),24/02/23 23:00:00,A,EUR_HAB,LT,2000,13.9,
ESTAT:SDG_16_30(1.0),24/02/23 23:00:00,A,EUR_HAB,LT,2001,16.0,
ESTAT:SDG_16_30(1.0),24/02/23 23:00:00,A,EUR_HAB,LT,2002,18.2,
ESTAT:SDG_16_30(1.0),24/02/23 23:00:00,A,EUR_HAB,LT,2003,20.3,
ESTAT:SDG_16_30(1.0),24/02/23 23:00:00,A,EUR_HAB,LT,2004,22.8,
ESTAT:SDG_16_30(1.0),24/02/23 23:00:00,A,EUR_HAB,LT,2005,25.5,
ESTAT:SDG_16_30(1.0),24/02/23 23:00:00,A,EUR_HAB,LT,2006,29.3,
ESTAT:SDG_16_30(1.0),24/02/23 23:00:00,A,EUR_HAB,LT,2007,34.3,
ESTAT:SDG_16_30(1.0),24/02/23 23:00:00,A,EUR_HAB,LT,2008,38.8,
ESTAT:SDG_16_30(1.0),24/02/23 23:00:00,A,EUR_HAB,LT,2009,27.0,
ESTAT:SDG_16_30(1.0),24/02/23 23:00:00,A,EUR_HAB,LT,2010,27.0,
ESTAT:SDG_16_30(1.0),24/02/23 23:00:00,A,EUR_HAB,LT,2011,27.8,
ESTAT:SDG_16_30(1.0),24/02/23 23:00:00,A,EUR_HAB,LT,2012,29.7,
ESTAT:SDG_16_30(1.0),24/02/23 23:00:00,A,EUR_HAB,LT,2013,29.2,
ESTAT:SDG_16_30(1.0),24/02/23 23:00:00,A,EUR_HAB,LT,2014,32.7,
ESTAT:SDG_16_30(1.0),24/02/23 23:00:00,A,EUR_HAB,LT,2015,35.8,
ESTAT:SDG_16_30(1.0),24/02/23 23:00:00,A,EUR_HAB,LT,2016,36.9,
ESTAT:SDG_16_30(1.0),24/02/23 23:00:00,A,EUR_HAB,LT,2017,39.0,
ESTAT:SDG_16_30(1.0),24/02/23 23:00:00,A,EUR_HAB,LT,2018,41.7,
ESTAT:SDG_16_30(1.0),24/02/23 23:00:00,A,EUR_HAB,LT,2019,45.1,
ESTAT:SDG_16_30(1.0),24/02/23 23:00:00,A,EUR_HAB,LT,2020,47.4,
ESTAT:SDG_16_30(1.0),24/02/23 23:00:00,A,EUR_HAB,LT,2021,46.6,
ESTAT:SDG_16_30(1.0),24/02/23 23:00:00,A,EUR_HAB,LU,2000,97.5,
ESTAT:SDG_16_30(1.0),24/02/23 23:00:00,A,EUR_HAB,LU,2001,119.3,
ESTAT:SDG_16_30(1.0),24/02/23 23:00:00,A,EUR_HAB,LU,2002,123.8,
ESTAT:SDG_16_30(1.0),24/02/23 23:00:00,A,EUR_HAB,LU,2003,129.6,
ESTAT:SDG_16_30(1.0),24/02/23 23:00:00,A,EUR_HAB,LU,2004,129.8,
ESTAT:SDG_16_30(1.0),24/02/23 23:00:00,A,EUR_HAB,LU,2005,140.4,
ESTAT:SDG_16_30(1.0),24/02/23 23:00:00,A,EUR_HAB,LU,2006,147.4,
ESTAT:SDG_16_30(1.0),24/02/23 23:00:00,A,EUR_HAB,LU,2007,150.2,
ESTAT:SDG_16_30(1.0),24/02/23 23:00:00,A,EUR_HAB,LU,2008,159.0,
ESTAT:SDG_16_30(1.0),24/02/23 23:00:00,A,EUR_HAB,LU,2009,170.2,
ESTAT:SDG_16_30(1.0),24/02/23 23:00:00,A,EUR_HAB,LU,2010,182.4,
ESTAT:SDG_16_30(1.0),24/02/23 23:00:00,A,EUR_HAB,LU,2011,179.0,
ESTAT:SDG_16_30(1.0),24/02/23 23:00:00,A,EUR_HAB,LU,2012,180.1,
ESTAT:SDG_16_30(1.0),24/02/23 23:00:00,A,EUR_HAB,LU,2013,182.1,
ESTAT:SDG_16_30(1.0),24/02/23 23:00:00,A,EUR_HAB,LU,2014,182.3,
ESTAT:SDG_16_30(1.0),24/02/23 23:00:00,A,EUR_HAB,LU,2015,190.4,
ESTAT:SDG_16_30(1.0),24/02/23 23:00:00,A,EUR_HAB,LU,2016,202.9,
ESTAT:SDG_16_30(1.0),24/02/23 23:00:00,A,EUR_HAB,LU,2017,205.7,
ESTAT:SDG_16_30(1.0),24/02/23 23:00:00,A,EUR_HAB,LU,2018,213.4,
ESTAT:SDG_16_30(1.0),24/02/23 23:00:00,A,EUR_HAB,LU,2019,229.3,
ESTAT:SDG_16_30(1.0),24/02/23 23:00:00,A,EUR_HAB,LU,2020,239.9,
ESTAT:SDG_16_30(1.0),24/02/23 23:00:00,A,EUR_HAB,LU,2021,253.0,p
ESTAT:SDG_16_30(1.0),24/02/23 23:00:00,A,EUR_HAB,LV,2001,16.8,
ESTAT:SDG_16_30(1.0),24/02/23 23:00:00,A,EUR_HAB,LV,2002,17.4,
ESTAT:SDG_16_30(1.0),24/02/23 23:00:00,A,EUR_HAB,LV,2003,19.7,
ESTAT:SDG_16_30(1.0),24/02/23 23:00:00,A,EUR_HAB,LV,2004,21.5,
ESTAT:SDG_16_30(1.0),24/02/23 23:00:00,A,EUR_HAB,LV,2005,24.8,
ESTAT:SDG_16_30(1.0),24/02/23 23:00:00,A,EUR_HAB,LV,2006,30.3,
ESTAT:SDG_16_30(1.0),24/02/23 23:00:00,A,EUR_HAB,LV,2007,41.9,
ESTAT:SDG_16_30(1.0),24/02/23 23:00:00,A,EUR_HAB,LV,2008,45.8,
ESTAT:SDG_16_30(1.0),24/02/23 23:00:00,A,EUR_HAB,LV,2009,36.0,
ESTAT:SDG_16_30(1.0),24/02/23 23:00:00,A,EUR_HAB,LV,2010,33.8,
ESTAT:SDG_16_30(1.0),24/02/23 23:00:00,A,EUR_HAB,LV,2011,42.7,
ESTAT:SDG_16_30(1.0),24/02/23 23:00:00,A,EUR_HAB,LV,2012,44.0,
ESTAT:SDG_16_30(1.0),24/02/23 23:00:00,A,EUR_HAB,LV,2013,45.7,
ESTAT:SDG_16_30(1.0),24/02/23 23:00:00,A,EUR_HAB,LV,2014,47.1,
ESTAT:SDG_16_30(1.0),24/02/23 23:00:00,A,EUR_HAB,LV,2015,51.4,
ESTAT:SDG_16_30(1.0),24/02/23 23:00:00,A,EUR_HAB,LV,2016,52.3,
ESTAT:SDG_16_30(1.0),24/02/23 23:00:00,A,EUR_HAB,LV,2017,57.0,
ESTAT:SDG_16_30(1.0),24/02/23 23:00:00,A,EUR_HAB,LV,2018,62.7,
ESTAT:SDG_16_30(1.0),24/02/23 23:00:00,A,EUR_HAB,LV,2019,67.5,
ESTAT:SDG_16_30(1.0),24/02/23 23:00:00,A,EUR_HAB,LV,2020,73.8,
ESTAT:SDG_16_30(1.0),24/02/23 23:00:00,A,EUR_HAB,LV,2021,82.1,
ESTAT:SDG_16_30(1.0),24/02/23 23:00:00,A,EUR_HAB,MT,2001,39.4,
ESTAT:SDG_16_30(1.0),24/02/23 23:00:00,A,EUR_HAB,MT,2002,47.0,
ESTAT:SDG_16_30(1.0),24/02/23 23:00:00,A,EUR_HAB,MT,2003,52.4,
ESTAT:SDG_16_30(1.0),24/02/23 23:00:00,A,EUR_HAB,MT,2004,47.4,
ESTAT:SDG_16_30(1.0),24/02/23 23:00:00,A,EUR_HAB,MT,2005,50.3,
ESTAT:SDG_16_30(1.0),24/02/23 23:00:00,A,EUR_HAB,MT,2006,43.7,
ESTAT:SDG_16_30(1.0),24/02/23 23:00:00,A,EUR_HAB,MT,2007,48.4,
ESTAT:SDG_16_30(1.0),24/02/23 23:00:00,A,EUR_HAB,MT,2008,50.1,
ESTAT:SDG_16_30(1.0),24/02/23 23:00:00,A,EUR_HAB,MT,2009,50.2,
ESTAT:SDG_16_30(1.0),24/02/23 23:00:00,A,EUR_HAB,MT,2010,50.4,
ESTAT:SDG_16_30(1.0),24/02/23 23:00:00,A,EUR_HAB,MT,2011,55.3,
ESTAT:SDG_16_30(1.0),24/02/23 23:00:00,A,EUR_HAB,MT,2012,55.7,
ESTAT:SDG_16_30(1.0),24/02/23 23:00:00,A,EUR_HAB,MT,2013,65.7,
ESTAT:SDG_16_30(1.0),24/02/23 23:00:00,A,EUR_HAB,MT,2014,66.9,
ESTAT:SDG_16_30(1.0),24/02/23 23:00:00,A,EUR_HAB,MT,2015,49.6,
ESTAT:SDG_16_30(1.0),24/02/23 23:00:00,A,EUR_HAB,MT,2016,63.0,
ESTAT:SDG_16_30(1.0),24/02/23 23:00:00,A,EUR_HAB,MT,2017,62.3,
ESTAT:SDG_16_30(1.0),24/02/23 23:00:00,A,EUR_HAB,MT,2018,65.1,
ESTAT:SDG_16_30(1.0),24/02/23 23:00:00,A,EUR_HAB,MT,2019,79.1,
ESTAT:SDG_16_30(1.0),24/02/23 23:00:00,A,EUR_HAB,MT,2020,88.6,
ESTAT:SDG_16_30(1.0),24/02/23 23:00:00,A,EUR_HAB,MT,2021,112.6,
ESTAT:SDG_16_30(1.0),24/02/23 23:00:00,A,EUR_HAB,NL,2000,60.2,
ESTAT:SDG_16_30(1.0),24/02/23 23:00:00,A,EUR_HAB,NL,2001,70.8,
ESTAT:SDG_16_30(1.0),24/02/23 23:00:00,A,EUR_HAB,NL,2002,79.5,
ESTAT:SDG_16_30(1.0),24/02/23 23:00:00,A,EUR_HAB,NL,2003,90.5,
ESTAT:SDG_16_30(1.0),24/02/23 23:00:00,A,EUR_HAB,NL,2004,93.2,
ESTAT:SDG_16_30(1.0),24/02/23 23:00:00,A,EUR_HAB,NL,2005,95.9,
ESTAT:SDG_16_30(1.0),24/02/23 23:00:00,A,EUR_HAB,NL,2006,98.3,
ESTAT:SDG_16_30(1.0),24/02/23 23:00:00,A,EUR_HAB,NL,2007,106.5,
ESTAT:SDG_16_30(1.0),24/02/23 23:00:00,A,EUR_HAB,NL,2008,108.6,
ESTAT:SDG_16_30(1.0),24/02/23 23:00:00,A,EUR_HAB,NL,2009,116.1,
ESTAT:SDG_16_30(1.0),24/02/23 23:00:00,A,EUR_HAB,NL,2010,118.0,
ESTAT:SDG_16_30(1.0),24/02/23 23:00:00,A,EUR_HAB,NL,2011,121.2,
ESTAT:SDG_16_30(1.0),24/02/23 23:00:00,A,EUR_HAB,NL,2012,117.3,
ESTAT:SDG_16_30(1.0),24/02/23 23:00:00,A,EUR_HAB,NL,2013,116.5,
ESTAT:SDG_16_30(1.0),24/02/23 23:00:00,A,EUR_HAB,NL,2014,114.0,
ESTAT:SDG_16_30(1.0),24/02/23 23:00:00,A,EUR_HAB,NL,2015,112.8,
ESTAT:SDG_16_30(1.0),24/02/23 23:00:00,A,EUR_HAB,NL,2016,114.7,
ESTAT:SDG_16_30(1.0),24/02/23 23:00:00,A,EUR_HAB,NL,2017,118.2,
ESTAT:SDG_16_30(1.0),24/02/23 23:00:00,A,EUR_HAB,NL,2018,124.9,
ESTAT:SDG_16_30(1.0),24/02/23 23:00:00,A,EUR_HAB,NL,2019,127.7,
ESTAT:SDG_16_30(1.0),24/02/23 23:00:00,A,EUR_HAB,NL,2020,133.2,p
ESTAT:SDG_16_30(1.0),24/02/23 23:00:00,A,EUR_HAB,NL,2021,132.3,p
ESTAT:SDG_16_30(1.0),24/02/23 23:00:00,A,EUR_HAB,NO,2000,62.2,
ESTAT:SDG_16_30(1.0),24/02/23 23:00:00,A,EUR_HAB,NO,2001,65.5,
ESTAT:SDG_16_30(1.0),24/02/23 23:00:00,A,EUR_HAB,NO,2002,82.9,
ESTAT:SDG_16_30(1.0),24/02/23 23:00:00,A,EUR_HAB,NO,2003,81.8,
ESTAT:SDG_16_30(1.0),24/02/23 23:00:00,A,EUR_HAB,NO,2004,79.4,
ESTAT:SDG_16_30(1.0),24/02/23 23:00:00,A,EUR_HAB,NO,2005,89.6,
ESTAT:SDG_16_30(1.0),24/02/23 23:00:00,A,EUR_HAB,NO,2006,87.9,
ESTAT:SDG_16_30(1.0),24/02/23 23:00:00,A,EUR_HAB,NO,2007,92.9,
ESTAT:SDG_16_30(1.0),24/02/23 23:00:00,A,EUR_HAB,NO,2008,94.6,
ESTAT:SDG_16_30(1.0),24/02/23 23:00:00,A,EUR_HAB,NO,2009,93.1,
ESTAT:SDG_16_30(1.0),24/02/23 23:00:00,A,EUR_HAB,NO,2010,102.2,
ESTAT:SDG_16_30(1.0),24/02/23 23:00:00,A,EUR_HAB,NO,2011,109.3,
ESTAT:SDG_16_30(1.0),24/02/23 23:00:00,A,EUR_HAB,NO,2012,123.8,
ESTAT:SDG_16_30(1.0),24/02/23 23:00:00,A,EUR_HAB,NO,2013,120.2,
ESTAT:SDG_16_30(1.0),24/02/23 23:00:00,A,EUR_HAB,NO,2014,123.4,
ESTAT:SDG_16_30(1.0),24/02/23 23:00:00,A,EUR_HAB,NO,2015,103.6,
ESTAT:SDG_16_30(1.0),24/02/23 23:00:00,A,EUR_HAB,NO,2016,105.2,
ESTAT:SDG_16_30(1.0),24/02/23 23:00:00,A,EUR_HAB,NO,2017,104.5,
ESTAT:SDG_16_30(1.0),24/02/23 23:00:00,A,EUR_HAB,NO,2018,102.8,
ESTAT:SDG_16_30(1.0),24/02/23 23:00:00,A,EUR_HAB,NO,2019,104.4,
ESTAT:SDG_16_30(1.0),24/02/23 23:00:00,A,EUR_HAB,NO,2020,98.3,
ESTAT:SDG_16_30(1.0),24/02/23 23:00:00,A,EUR_HAB,NO,2021,107.3,
ESTAT:SDG_16_30(1.0),24/02/23 23:00:00,A,EUR_HAB,PL,2001,26.8,
ESTAT:SDG_16_30(1.0),24/02/23 23:00:00,A,EUR_HAB,PL,2002,25.6,
ESTAT:SDG_16_30(1.0),24/02/23 23:00:00,A,EUR_HAB,PL,2003,27.8,
ESTAT:SDG_16_30(1.0),24/02/23 23:00:00,A,EUR_HAB,PL,2004,26.7,
ESTAT:SDG_16_30(1.0),24/02/23 23:00:00,A,EUR_HAB,PL,2005,35.1,
ESTAT:SDG_16_30(1.0),24/02/23 23:00:00,A,EUR_HAB,PL,2006,42.2,
ESTAT:SDG_16_30(1.0),24/02/23 23:00:00,A,EUR_HAB,PL,2007,49.0,
ESTAT:SDG_16_30(1.0),24/02/23 23:00:00,A,EUR_HAB,PL,2008,59.6,
ESTAT:SDG_16_30(1.0),24/02/23 23:00:00,A,EUR_HAB,PL,2009,47.3,
ESTAT:SDG_16_30(1.0),24/02/23 23:00:00,A,EUR_HAB,PL,2010,54.0,
ESTAT:SDG_16_30(1.0),24/02/23 23:00:00,A,EUR_HAB,PL,2011,49.9,
ESTAT:SDG_16_30(1.0),24/02/23 23:00:00,A,EUR_HAB,PL,2012,54.1,
ESTAT:SDG_16_30(1.0),24/02/23 23:00:00,A,EUR_HAB,PL,2013,53.2,
ESTAT:SDG_16_30(1.0),24/02/23 23:00:00,A,EUR_HAB,PL,2014,55.4,
ESTAT:SDG_16_30(1.0),24/02/23 23:00:00,A,EUR_HAB,PL,2015,57.8,
ESTAT:SDG_16_30(1.0),24/02/23 23:00:00,A,EUR_HAB,PL,2016,56.8,
ESTAT:SDG_16_30(1.0),24/02/23 23:00:00,A,EUR_HAB,PL,2017,61.0,
ESTAT:SDG_16_30(1.0),24/02/23 23:00:00,A,EUR_HAB,PL,2018,65.9,
ESTAT:SDG_16_30(1.0),24/02/23 23:00:00,A,EUR_HAB,PL,2019,71.5,
ESTAT:SDG_16_30(1.0),24/02/23 23:00:00,A,EUR_HAB,PL,2020,76.2,
ESTAT:SDG_16_30(1.0),24/02/23 23:00:00,A,EUR_HAB,PL,2021,78.1,
ESTAT:SDG_16_30(1.0),24/02/23 23:00:00,A,EUR_HAB,PT,2000,34.8,
ESTAT:SDG_16_30(1.0),24/02/23 23:00:00,A,EUR_HAB,PT,2001,35.5,
ESTAT:SDG_16_30(1.0),24/02/23 23:00:00,A,EUR_HAB,PT,2002,50.9,
ESTAT:SDG_16_30(1.0),24/02/23 23:00:00,A,EUR_HAB,PT,2003,60.5,
ESTAT:SDG_16_30(1.0),24/02/23 23:00:00,A,EUR_HAB,PT,2004,52.0,
ESTAT:SDG_16_30(1.0),24/02/23 23:00:00,A,EUR_HAB,PT,2005,57.7,
ESTAT:SDG_16_30(1.0),24/02/23 23:00:00,A,EUR_HAB,PT,2006,61.3,
ESTAT:SDG_16_30(1.0),24/02/23 23:00:00,A,EUR_HAB,PT,2007,57.7,
ESTAT:SDG_16_30(1.0),24/02/23 23:00:00,A,EUR_HAB,PT,2008,61.1,
ESTAT:SDG_16_30(1.0),24/02/23 23:00:00,A,EUR_HAB,PT,2009,62.1,
ESTAT:SDG_16_30(1.0),24/02/23 23:00:00,A,EUR_HAB,PT,2010,68.8,
ESTAT:SDG_16_30(1.0),24/02/23 23:00:00,A,EUR_HAB,PT,2011,69.2,
ESTAT:SDG_16_30(1.0),24/02/23 23:00:00,A,EUR_HAB,PT,2012,54.7,
ESTAT:SDG_16_30(1.0),24/02/23 23:00:00,A,EUR_HAB,PT,2013,61.1,
ESTAT:SDG_16_30(1.0),24/02/23 23:00:00,A,EUR_HAB,PT,2014,57.5,
ESTAT:SDG_16_30(1.0),24/02/23 23:00:00,A,EUR_HAB,PT,2015,60.9,
ESTAT:SDG_16_30(1.0),24/02/23 23:00:00,A,EUR_HAB,PT,2016,62.8,
ESTAT:SDG_16_30(1.0),24/02/23 23:00:00,A,EUR_HAB,PT,2017,62.7,
ESTAT:SDG_16_30(1.0),24/02/23 23:00:00,A,EUR_HAB,PT,2018,67.0,
ESTAT:SDG_16_30(1.0),24/02/23 23:00:00,A,EUR_HAB,PT,2019,67.4,
ESTAT:SDG_16_30(1.0),24/02/23 23:00:00,A,EUR_HAB,PT,2020,70.6,
ESTAT:SDG_16_30(1.0),24/02/23 23:00:00,A,EUR_HAB,PT,2021,72.1,p
ESTAT:SDG_16_30(1.0),24/02/23 23:00:00,A,EUR_HAB,RO,2001,,c
ESTAT:SDG_16_30(1.0),24/02/23 23:00:00,A,EUR_HAB,RO,2002,5.9,
ESTAT:SDG_16_30(1.0),24/02/23 23:00:00,A,EUR_HAB,RO,2003,6.5,
ESTAT:SDG_16_30(1.0),24/02/23 23:00:00,A,EUR_HAB,RO,2004,7.5,b
ESTAT:SDG_16_30(1.0),24/02/23 23:00:00,A,EUR_HAB,RO,2005,11.4,
ESTAT:SDG_16_30(1.0),24/02/23 23:00:00,A,EUR_HAB,RO,2006,16.5,
ESTAT:SDG_16_30(1.0),24/02/23 23:00:00,A,EUR_HAB,RO,2007,23.2,
ESTAT:SDG_16_30(1.0),24/02/23 23:00:00,A,EUR_HAB,RO,2008,23.9,
ESTAT:SDG_16_30(1.0),24/02/23 23:00:00,A,EUR_HAB,RO,2009,19.1,
ESTAT:SDG_16_30(1.0),24/02/23 23:00:00,A,EUR_HAB,RO,2010,21.0,
ESTAT:SDG_16_30(1.0),24/02/23 23:00:00,A,EUR_HAB,RO,2011,22.3,
ESTAT:SDG_16_30(1.0),24/02/23 23:00:00,A,EUR_HAB,RO,2012,22.9,
ESTAT:SDG_16_30(1.0),24/02/23 23:00:00,A,EUR_HAB,RO,2013,29.8,
ESTAT:SDG_16_30(1.0),24/02/23 23:00:00,A,EUR_HAB,RO,2014,29.2,
ESTAT:SDG_16_30(1.0),24/02/23 23:00:00,A,EUR_HAB,RO,2015,28.9,
ESTAT:SDG_16_30(1.0),24/02/23 23:00:00,A,EUR_HAB,RO,2016,33.3,
ESTAT:SDG_16_30(1.0),24/02/23 23:00:00,A,EUR_HAB,RO,2017,46.3,
ESTAT:SDG_16_30(1.0),24/02/23 23:00:00,A,EUR_HAB,RO,2018,42.7,
ESTAT:SDG_16_30(1.0),24/02/23 23:00:00,A,EUR_HAB,RO,2019,47.7,
ESTAT:SDG_16_30(1.0),24/02/23 23:00:00,A,EUR_HAB,RO,2020,48.2,
ESTAT:SDG_16_30(1.0),24/02/23 23:00:00,A,EUR_HAB,RO,2021,56.3,p
ESTAT:SDG_16_30(1.0),24/02/23 23:00:00,A,EUR_HAB,SE,2001,81.1,
ESTAT:SDG_16_30(1.0),24/02/23 23:00:00,A,EUR_HAB,SE,2002,86.1,
ESTAT:SDG_16_30(1.0),24/02/23 23:00:00,A,EUR_HAB,SE,2003,88.2,
ESTAT:SDG_16_30(1.0),24/02/23 23:00:00,A,EUR_HAB,SE,2004,88.9,
ESTAT:SDG_16_30(1.0),24/02/23 23:00:00,A,EUR_HAB,SE,2005,87.1,
ESTAT:SDG_16_30(1.0),24/02/23 23:00:00,A,EUR_HAB,SE,2006,97.7,
ESTAT:SDG_16_30(1.0),24/02/23 23:00:00,A,EUR_HAB,SE,2007,105.5,
ESTAT:SDG_16_30(1.0),24/02/23 23:00:00,A,EUR_HAB,SE,2008,101.7,
ESTAT:SDG_16_30(1.0),24/02/23 23:00:00,A,EUR_HAB,SE,2009,93.8,
ESTAT:SDG_16_30(1.0),24/02/23 23:00:00,A,EUR_HAB,SE,2010,109.5,
ESTAT:SDG_16_30(1.0),24/02/23 23:00:00,A,EUR_HAB,SE,2011,119.7,
ESTAT:SDG_16_30(1.0),24/02/23 23:00:00,A,EUR_HAB,SE,2012,125.6,
ESTAT:SDG_16_30(1.0),24/02/23 23:00:00,A,EUR_HAB,SE,2013,133.1,
ESTAT:SDG_16_30(1.0),24/02/23 23:00:00,A,EUR_HAB,SE,2014,127.3,
ESTAT:SDG_16_30(1.0),24/02/23 23:00:00,A,EUR_HAB,SE,2015,124.6,
ESTAT:SDG_16_30(1.0),24/02/23 23:00:00,A,EUR_HAB,SE,2016,128.8,
ESTAT:SDG_16_30(1.0),24/02/23 23:00:00,A,EUR_HAB,SE,2017,129.6,
ESTAT:SDG_16_30(1.0),24/02/23 23:00:00,A,EUR_HAB,SE,2018,123.9,
ESTAT:SDG_16_30(1.0),24/02/23 23:00:00,A,EUR_HAB,SE,2019,123.0,
ESTAT:SDG_16_30(1.0),24/02/23 23:00:00,A,EUR_HAB,SE,2020,123.5,
ESTAT:SDG_16_30(1.0),24/02/23 23:00:00,A,EUR_HAB,SE,2021,133.4,
ESTAT:SDG_16_30(1.0),24/02/23 23:00:00,A,EUR_HAB,SI,2000,63.5,
ESTAT:SDG_16_30(1.0),24/02/23 23:00:00,A,EUR_HAB,SI,2001,68.0,
ESTAT:SDG_16_30(1.0),24/02/23 23:00:00,A,EUR_HAB,SI,2002,70.7,
ESTAT:SDG_16_30(1.0),24/02/23 23:00:00,A,EUR_HAB,SI,2003,74.0,
ESTAT:SDG_16_30(1.0),24/02/23 23:00:00,A,EUR_HAB,SI,2004,78.1,
ESTAT:SDG_16_30(1.0),24/02/23 23:00:00,A,EUR_HAB,SI,2005,82.6,
ESTAT:SDG_16_30(1.0),24/02/23 23:00:00,A,EUR_HAB,SI,2006,80.1,
ESTAT:SDG_16_30(1.0),24/02/23 23:00:00,A,EUR_HAB,SI,2007,86.5,
ESTAT:SDG_16_30(1.0),24/02/23 23:00:00,A,EUR_HAB,SI,2008,97.8,b
ESTAT:SDG_16_30(1.0),24/02/23 23:00:00,A,EUR_HAB,SI,2009,99.5,
ESTAT:SDG_16_30(1.0),24/02/23 23:00:00,A,EUR_HAB,SI,2010,102.2,
ESTAT:SDG_16_30(1.0),24/02/23 23:00:00,A,EUR_HAB,SI,2011,99.7,
ESTAT:SDG_16_30(1.0),24/02/23 23:00:00,A,EUR_HAB,SI,2012,96.9,
ESTAT:SDG_16_30(1.0),24/02/23 23:00:00,A,EUR_HAB,SI,2013,96.3,
ESTAT:SDG_16_30(1.0),24/02/23 23:00:00,A,EUR_HAB,SI,2014,94.2,
ESTAT:SDG_16_30(1.0),24/02/23 23:00:00,A,EUR_HAB,SI,2015,92.6,
ESTAT:SDG_16_30(1.0),24/02/23 23:00:00,A,EUR_HAB,SI,2016,96.3,
ESTAT:SDG_16_30(1.0),24/02/23 23:00:00,A,EUR_HAB,SI,2017,95.9,
ESTAT:SDG_16_30(1.0),24/02/23 23:00:00,A,EUR_HAB,SI,2018,100.0,
ESTAT:SDG_16_30(1.0),24/02/23 23:00:00,A,EUR_HAB,SI,2019,105.5,
ESTAT:SDG_16_30(1.0),24/02/23 23:00:00,A,EUR_HAB,SI,2020,107.7,
ESTAT:SDG_16_30(1.0),24/02/23 23:00:00,A,EUR_HAB,SI,2021,112.9,
ESTAT:SDG_16_30(1.0),24/02/23 23:00:00,A,EUR_HAB,SK,2001,21.1,e
ESTAT:SDG_16_30(1.0),24/02/23 23:00:00,A,EUR_HAB,SK,2002,21.4,e
ESTAT:SDG_16_30(1.0),24/02/23 23:00:00,A,EUR_HAB,SK,2003,17.5,
ESTAT:SDG_16_30(1.0),24/02/23 23:00:00,A,EUR_HAB,SK,2004,18.9,p
ESTAT:SDG_16_30(1.0),24/02/23 23:00:00,A,EUR_HAB,SK,2005,20.0,
ESTAT:SDG_16_30(1.0),24/02/23 23:00:00,A,EUR_HAB,SK,2006,26.9,
ESTAT:SDG_16_30(1.0),24/02/23 23:00:00,A,EUR_HAB,SK,2007,28.7,
ESTAT:SDG_16_30(1.0),24/02/23 23:00:00,A,EUR_HAB,SK,2008,33.9,
ESTAT:SDG_16_30(1.0),24/02/23 23:00:00,A,EUR_HAB,SK,2009,41.1,
ESTAT:SDG_16_30(1.0),24/02/23 23:00:00,A,EUR_HAB,SK,2010,38.5,
ESTAT:SDG_16_30(1.0),24/02/23 23:00:00,A,EUR_HAB,SK,2011,40.7,
ESTAT:SDG_16_30(1.0),24/02/23 23:00:00,A,EUR_HAB,SK,2012,41.6,
ESTAT:SDG_16_30(1.0),24/02/23 23:00:00,A,EUR_HAB,SK,2013,44.5,
ESTAT:SDG_16_30(1.0),24/02/23 23:00:00,A,EUR_HAB,SK,2014,44.3,
ESTAT:SDG_16_30(1.0),24/02/23 23:00:00,A,EUR_HAB,SK,2015,48.8,
ESTAT:SDG_16_30(1.0),24/02/23 23:00:00,A,EUR_HAB,SK,2016,39.6,
ESTAT:SDG_16_30(1.0),24/02/23 23:00:00,A,EUR_HAB,SK,2017,41.6,
ESTAT:SDG_16_30(1.0),24/02/23 23:00:00,A,EUR_HAB,SK,2018,46.1,
ESTAT:SDG_16_30(1.0),24/02/23 23:00:00,A,EUR_HAB,SK,2019,56.5,
ESTAT:SDG_16_30(1.0),24/02/23 23:00:00,A,EUR_HAB,SK,2020,54.0,
ESTAT:SDG_16_30(1.0),24/02/23 23:00:00,A,EUR_HAB,SK,2021,53.5,
ESTAT:SDG_16_30(1.0),24/02/23 23:00:00,A,MIO_EUR,AT,2000,606,
ESTAT:SDG_16_30(1.0),24/02/23 23:00:00,A,MIO_EUR,AT,2001,646,
ESTAT:SDG_16_30(1.0),24/02/23 23:00:00,A,MIO_EUR,AT,2002,658,
ESTAT:SDG_16_30(1.0),24/02/23 23:00:00,A,MIO_EUR,AT,2003,693,
ESTAT:SDG_16_30(1.0),24/02/23 23:00:00,A,MIO_EUR,AT,2004,712,
ESTAT:SDG_16_30(1.0),24/02/23 23:00:00,A,MIO_EUR,AT,2005,695,
ESTAT:SDG_16_30(1.0),24/02/23 23:00:00,A,MIO_EUR,AT,2006,709,
ESTAT:SDG_16_30(1.0),24/02/23 23:00:00,A,MIO_EUR,AT,2007,723,
ESTAT:SDG_16_30(1.0),24/02/23 23:00:00,A,MIO_EUR,AT,2008,775,
ESTAT:SDG_16_30(1.0),24/02/23 23:00:00,A,MIO_EUR,AT,2009,826,
ESTAT:SDG_16_30(1.0),24/02/23 23:00:00,A,MIO_EUR,AT,2010,823,
ESTAT:SDG_16_30(1.0),24/02/23 23:00:00,A,MIO_EUR,AT,2011,843,
ESTAT:SDG_16_30(1.0),24/02/23 23:00:00,A,MIO_EUR,AT,2012,879,
ESTAT:SDG_16_30(1.0),24/02/23 23:00:00,A,MIO_EUR,AT,2013,894,
ESTAT:SDG_16_30(1.0),24/02/23 23:00:00,A,MIO_EUR,AT,2014,961,
ESTAT:SDG_16_30(1.0),24/02/23 23:00:00,A,MIO_EUR,AT,2015,1009,
ESTAT:SDG_16_30(1.0),24/02/23 23:00:00,A,MIO_EUR,AT,2016,1019,
ESTAT:SDG_16_30(1.0),24/02/23 23:00:00,A,MIO_EUR,AT,2017,1047,
ESTAT:SDG_16_30(1.0),24/02/23 23:00:00,A,MIO_EUR,AT,2018,1065,
ESTAT:SDG_16_30(1.0),24/02/23 23:00:00,A,MIO_EUR,AT,2019,1076,
ESTAT:SDG_16_30(1.0),24/02/23 23:00:00,A,MIO_EUR,AT,2020,1082,
ESTAT:SDG_16_30(1.0),24/02/23 23:00:00,A,MIO_EUR,AT,2021,1127,
ESTAT:SDG_16_30(1.0),24/02/23 23:00:00,A,MIO_EUR,BE,2001,707,
ESTAT:SDG_16_30(1.0),24/02/23 23:00:00,A,MIO_EUR,BE,2002,797,
ESTAT:SDG_16_30(1.0),24/02/23 23:00:00,A,MIO_EUR,BE,2003,836,
ESTAT:SDG_16_30(1.0),24/02/23 23:00:00,A,MIO_EUR,BE,2004,837,
ESTAT:SDG_16_30(1.0),24/02/23 23:00:00,A,MIO_EUR,BE,2005,865,
ESTAT:SDG_16_30(1.0),24/02/23 23:00:00,A,MIO_EUR,BE,2006,952,
ESTAT:SDG_16_30(1.0),24/02/23 23:00:00,A,MIO_EUR,BE,2007,917,
ESTAT:SDG_16_30(1.0),24/02/23 23:00:00,A,MIO_EUR,BE,2008,1012,
ESTAT:SDG_16_30(1.0),24/02/23 23:00:00,A,MIO_EUR,BE,2009,990,
ESTAT:SDG_16_30(1.0),24/02/23 23:00:00,A,MIO_EUR,BE,2010,1037,
ESTAT:SDG_16_30(1.0),24/02/23 23:00:00,A,MIO_EUR,BE,2011,1056,
ESTAT:SDG_16_30(1.0),24/02/23 23:00:00,A,MIO_EUR,BE,2012,1172,
ESTAT:SDG_16_30(1.0),24/02/23 23:00:00,A,MIO_EUR,BE,2013,1119,
ESTAT:SDG_16_30(1.0),24/02/23 23:00:00,A,MIO_EUR,BE,2014,1085,
ESTAT:SDG_16_30(1.0),24/02/23 23:00:00,A,MIO_EUR,BE,2015,1028,
ESTAT:SDG_16_30(1.0),24/02/23 23:00:00,A,MIO_EUR,BE,2016,1134,
ESTAT:SDG_16_30(1.0),24/02/23 23:00:00,A,MIO_EUR,BE,2017,1141,
ESTAT:SDG_16_30(1.0),24/02/23 23:00:00,A,MIO_EUR,BE,2018,1163,
ESTAT:SDG_16_30(1.0),24/02/23 23:00:00,A,MIO_EUR,BE,2019,1173,
ESTAT:SDG_16_30(1.0),24/02/23 23:00:00,A,MIO_EUR,BE,2020,1202,
ESTAT:SDG_16_30(1.0),24/02/23 23:00:00,A,MIO_EUR,BE,2021,1324,
ESTAT:SDG_16_30(1.0),24/02/23 23:00:00,A,MIO_EUR,BG,2000,56,
ESTAT:SDG_16_30(1.0),24/02/23 23:00:00,A,MIO_EUR,BG,2001,56,
ESTAT:SDG_16_30(1.0),24/02/23 23:00:00,A,MIO_EUR,BG,2002,67,
ESTAT:SDG_16_30(1.0),24/02/23 23:00:00,A,MIO_EUR,BG,2003,88,
ESTAT:SDG_16_30(1.0),24/02/23 23:00:00,A,MIO_EUR,BG,2004,116,
ESTAT:SDG_16_30(1.0),24/02/23 23:00:00,A,MIO_EUR,BG,2005,138,
ESTAT:SDG_16_30(1.0),24/02/23 23:00:00,A,MIO_EUR,BG,2006,172,
ESTAT:SDG_16_30(1.0),24/02/23 23:00:00,A,MIO_EUR,BG,2007,240,
ESTAT:SDG_16_30(1.0),24/02/23 23:00:00,A,MIO_EUR,BG,2008,265,
ESTAT:SDG_16_30(1.0),24/02/23 23:00:00,A,MIO_EUR,BG,2009,257,
ESTAT:SDG_16_30(1.0),24/02/23 23:00:00,A,MIO_EUR,BG,2010,210,
ESTAT:SDG_16_30(1.0),24/02/23 23:00:00,A,MIO_EUR,BG,2011,254,
ESTAT:SDG_16_30(1.0),24/02/23 23:00:00,A,MIO_EUR,BG,2012,248,
ESTAT:SDG_16_30(1.0),24/02/23 23:00:00,A,MIO_EUR,BG,2013,266,
ESTAT:SDG_16_30(1.0),24/02/23 23:00:00,A,MIO_EUR,BG,2014,284,
ESTAT:SDG_16_30(1.0),24/02/23 23:00:00,A,MIO_EUR,BG,2015,304,
ESTAT:SDG_16_30(1.0),24/02/23 23:00:00,A,MIO_EUR,BG,2016,300,
ESTAT:SDG_16_30(1.0),24/02/23 23:00:00,A,MIO_EUR,BG,2017,332,
ESTAT:SDG_16_30(1.0),24/02/23 23:00:00,A,MIO_EUR,BG,2018,341,
ESTAT:SDG_16_30(1.0),24/02/23 23:00:00,A,MIO_EUR,BG,2019,416,
ESTAT:SDG_16_30(1.0),24/02/23 23:00:00,A,MIO_EUR,BG,2020,441,
ESTAT:SDG_16_30(1.0),24/02/23 23:00:00,A,MIO_EUR,BG,2021,506,
ESTAT:SDG_16_30(1.0),24/02/23 23:00:00,A,MIO_EUR,CH,2000,743,
ESTAT:SDG_16_30(1.0),24/02/23 23:00:00,A,MIO_EUR,CH,2001,782,
ESTAT:SDG_16_30(1.0),24/02/23 23:00:00,A,MIO_EUR,CH,2002,840,
ESTAT:SDG_16_30(1.0),24/02/23 23:00:00,A,MIO_EUR,CH,2003,850,
ESTAT:SDG_16_30(1.0),24/02/23 23:00:00,A,MIO_EUR,CH,2004,886,
ESTAT:SDG_16_30(1.0),24/02/23 23:00:00,A,MIO_EUR,CH,2005,926,
ESTAT:SDG_16_30(1.0),24/02/23 23:00:00,A,MIO_EUR,CH,2006,932,
ESTAT:SDG_16_30(1.0),24/02/23 23:00:00,A,MIO_EUR,CH,2007,932,
ESTAT:SDG_16_30(1.0),24/02/23 23:00:00,A,MIO_EUR,CH,2008,934,
ESTAT:SDG_16_30(1.0),24/02/23 23:00:00,A,MIO_EUR,CH,2009,1017,
ESTAT:SDG_16_30(1.0),24/02/23 23:00:00,A,MIO_EUR,CH,2010,1149,
ESTAT:SDG_16_30(1.0),24/02/23 23:00:00,A,MIO_EUR,CH,2011,1478,
ESTAT:SDG_16_30(1.0),24/02/23 23:00:00,A,MIO_EUR,CH,2012,1508,
ESTAT:SDG_16_30(1.0),24/02/23 23:00:00,A,MIO_EUR,CH,2013,1499,
ESTAT:SDG_16_30(1.0),24/02/23 23:00:00,A,MIO_EUR,CH,2014,1550,
ESTAT:SDG_16_30(1.0),24/02/23 23:00:00,A,MIO_EUR,CH,2015,1798,
ESTAT:SDG_16_30(1.0),24/02/23 23:00:00,A,MIO_EUR,CH,2016,1744,
ESTAT:SDG_16_30(1.0),24/02/23 23:00:00,A,MIO_EUR,CH,2017,1739,
ESTAT:SDG_16_30(1.0),24/02/23 23:00:00,A,MIO_EUR,CH,2018,1712,
ESTAT:SDG_16_30(1.0),24/02/23 23:00:00,A,MIO_EUR,CH,2019,1839,
ESTAT:SDG_16_30(1.0),24/02/23 23:00:00,A,MIO_EUR,CH,2020,1957,
ESTAT:SDG_16_30(1.0),24/02/23 23:00:00,A,MIO_EUR,CH,2021,1973,
ESTAT:SDG_16_30(1.0),24/02/23 23:00:00,A,MIO_EUR,CY,2000,14,
ESTAT:SDG_16_30(1.0),24/02/23 23:00:00,A,MIO_EUR,CY,2001,15,
ESTAT:SDG_16_30(1.0),24/02/23 23:00:00,A,MIO_EUR,CY,2002,17,
ESTAT:SDG_16_30(1.0),24/02/23 23:00:00,A,MIO_EUR,CY,2003,20,
ESTAT:SDG_16_30(1.0),24/02/23 23:00:00,A,MIO_EUR,CY,2004,20,
ESTAT:SDG_16_30(1.0),24/02/23 23:00:00,A,MIO_EUR,CY,2005,22,
ESTAT:SDG_16_30(1.0),24/02/23 23:00:00,A,MIO_EUR,CY,2006,23,
ESTAT:SDG_16_30(1.0),24/02/23 23:00:00,A,MIO_EUR,CY,2007,25,
ESTAT:SDG_16_30(1.0),24/02/23 23:00:00,A,MIO_EUR,CY,2008,25,
ESTAT:SDG_16_30(1.0),24/02/23 23:00:00,A,MIO_EUR,CY,2009,26,
ESTAT:SDG_16_30(1.0),24/02/23 23:00:00,A,MIO_EUR,CY,2010,26,
ESTAT:SDG_16_30(1.0),24/02/23 23:00:00,A,MIO_EUR,CY,2011,26,
ESTAT:SDG_16_30(1.0),24/02/23 23:00:00,A,MIO_EUR,CY,2012,26,
ESTAT:SDG_16_30(1.0),24/02/23 23:00:00,A,MIO_EUR,CY,2013,26,
ESTAT:SDG_16_30(1.0),24/02/23 23:00:00,A,MIO_EUR,CY,2014,22,
ESTAT:SDG_16_30(1.0),24/02/23 23:00:00,A,MIO_EUR,CY,2015,22,
ESTAT:SDG_16_30(1.0),24/02/23 23:00:00,A,MIO_EUR,CY,2016,23,
ESTAT:SDG_16_30(1.0),24/02/23 23:00:00,A,MIO_EUR,CY,2017,26,
ESTAT:SDG_16_30(1.0),24/02/23 23:00:00,A,MIO_EUR,CY,2018,35,
ESTAT:SDG_16_30(1.0),24/02/23 23:00:00,A,MIO_EUR,CY,2019,30,
ESTAT:SDG_16_30(1.0),24/02/23 23:00:00,A,MIO_EUR,CY,2020,34,
ESTAT:SDG_16_30(1.0),24/02/23 23:00:00,A,MIO_EUR,CY,2021,33,
ESTAT:SDG_16_30(1.0),24/02/23 23:00:00,A,MIO_EUR,CZ,2000,201,
ESTAT:SDG_16_30(1.0),24/02/23 23:00:00,A,MIO_EUR,CZ,2001,226,
ESTAT:SDG_16_30(1.0),24/02/23 23:00:00,A,MIO_EUR,CZ,2002,279,
ESTAT:SDG_16_30(1.0),24/02/23 23:00:00,A,MIO_EUR,CZ,2003,285,
ESTAT:SDG_16_30(1.0),24/02/23 23:00:00,A,MIO_EUR,CZ,2004,288,
ESTAT:SDG_16_30(1.0),24/02/23 23:00:00,A,MIO_EUR,CZ,2005,351,
ESTAT:SDG_16_30(1.0),24/02/23 23:00:00,A,MIO_EUR,CZ,2006,369,
ESTAT:SDG_16_30(1.0),24/02/23 23:00:00,A,MIO_EUR,CZ,2007,404,
ESTAT:SDG_16_30(1.0),24/02/23 23:00:00,A,MIO_EUR,CZ,2008,482,
ESTAT:SDG_16_30(1.0),24/02/23 23:00:00,A,MIO_EUR,CZ,2009,478,
ESTAT:SDG_16_30(1.0),24/02/23 23:00:00,A,MIO_EUR,CZ,2010,470,
ESTAT:SDG_16_30(1.0),24/02/23 23:00:00,A,MIO_EUR,CZ,2011,488,
ESTAT:SDG_16_30(1.0),24/02/23 23:00:00,A,MIO_EUR,CZ,2012,462,
ESTAT:SDG_16_30(1.0),24/02/23 23:00:00,A,MIO_EUR,CZ,2013,476,
ESTAT:SDG_16_30(1.0),24/02/23 23:00:00,A,MIO_EUR,CZ,2014,464,
ESTAT:SDG_16_30(1.0),24/02/23 23:00:00,A,MIO_EUR,CZ,2015,547,
ESTAT:SDG_16_30(1.0),24/02/23 23:00:00,A,MIO_EUR,CZ,2016,549,
ESTAT:SDG_16_30(1.0),24/02/23 23:00:00,A,MIO_EUR,CZ,2017,579,
ESTAT:SDG_16_30(1.0),24/02/23 23:00:00,A,MIO_EUR,CZ,2018,634,
ESTAT:SDG_16_30(1.0),24/02/23 23:00:00,A,MIO_EUR,CZ,2019,697,
ESTAT:SDG_16_30(1.0),24/02/23 23:00:00,A,MIO_EUR,CZ,2020,704,
ESTAT:SDG_16_30(1.0),24/02/23 23:00:00,A,MIO_EUR,CZ,2021,727,
ESTAT:SDG_16_30(1.0),24/02/23 23:00:00,A,MIO_EUR,DE,2000,8942,
ESTAT:SDG_16_30(1.0),24/02/23 23:00:00,A,MIO_EUR,DE,2001,9293,
ESTAT:SDG_16_30(1.0),24/02/23 23:00:00,A,MIO_EUR,DE,2002,9595,
ESTAT:SDG_16_30(1.0),24/02/23 23:00:00,A,MIO_EUR,DE,2003,9564,
ESTAT:SDG_16_30(1.0),24/02/23 23:00:00,A,MIO_EUR,DE,2004,9644,
ESTAT:SDG_16_30(1.0),24/02/23 23:00:00,A,MIO_EUR,DE,2005,9948,
ESTAT:SDG_16_30(1.0),24/02/23 23:00:00,A,MIO_EUR,DE,2006,10089,
ESTAT:SDG_16_30(1.0),24/02/23 23:00:00,A,MIO_EUR,DE,2007,10087,
ESTAT:SDG_16_30(1.0),24/02/23 23:00:00,A,MIO_EUR,DE,2008,10258,
ESTAT:SDG_16_30(1.0),24/02/23 23:00:00,A,MIO_EUR,DE,2009,10525,
ESTAT:SDG_16_30(1.0),24/02/23 23:00:00,A,MIO_EUR,DE,2010,10647,
ESTAT:SDG_16_30(1.0),24/02/23 23:00:00,A,MIO_EUR,DE,2011,10805,
ESTAT:SDG_16_30(1.0),24/02/23 23:00:00,A,MIO_EUR,DE,2012,11006,
ESTAT:SDG_16_30(1.0),24/02/23 23:00:00,A,MIO_EUR,DE,2013,11310,
ESTAT:SDG_16_30(1.0),24/02/23 23:00:00,A,MIO_EUR,DE,2014,11789,
ESTAT:SDG_16_30(1.0),24/02/23 23:00:00,A,MIO_EUR,DE,2015,11987,
ESTAT:SDG_16_30(1.0),24/02/23 23:00:00,A,MIO_EUR,DE,2016,12102,
ESTAT:SDG_16_30(1.0),24/02/23 23:00:00,A,MIO_EUR,DE,2017,12513,
ESTAT:SDG_16_30(1.0),24/02/23 23:00:00,A,MIO_EUR,DE,2018,12997,
ESTAT:SDG_16_30(1.0),24/02/23 23:00:00,A,MIO_EUR,DE,2019,13482,p
ESTAT:SDG_16_30(1.0),24/02/23 23:00:00,A,MIO_EUR,DE,2020,13364,p
ESTAT:SDG_16_30(1.0),24/02/23 23:00:00,A,MIO_EUR,DE,2021,14330,p
ESTAT:SDG_16_30(1.0),24/02/23 23:00:00,A,MIO_EUR,DK,2000,315,
ESTAT:SDG_16_30(1.0),24/02/23 23:00:00,A,MIO_EUR,DK,2001,320,
ESTAT:SDG_16_30(1.0),24/02/23 23:00:00,A,MIO_EUR,DK,2002,328,
ESTAT:SDG_16_30(1.0),24/02/23 23:00:00,A,MIO_EUR,DK,2003,349,
ESTAT:SDG_16_30(1.0),24/02/23 23:00:00,A,MIO_EUR,DK,2004,368,
ESTAT:SDG_16_30(1.0),24/02/23 23:00:00,A,MIO_EUR,DK,2005,369,
ESTAT:SDG_16_30(1.0),24/02/23 23:00:00,A,MIO_EUR,DK,2006,404,
ESTAT:SDG_16_30(1.0),24/02/23 23:00:00,A,MIO_EUR,DK,2007,425,
ESTAT:SDG_16_30(1.0),24/02/23 23:00:00,A,MIO_EUR,DK,2008,449,
ESTAT:SDG_16_30(1.0),24/02/23 23:00:00,A,MIO_EUR,DK,2009,518,
ESTAT:SDG_16_30(1.0),24/02/23 23:00:00,A,MIO_EUR,DK,2010,473,
ESTAT:SDG_16_30(1.0),24/02/23 23:00:00,A,MIO_EUR,DK,2011,552,
ESTAT:SDG_16_30(1.0),24/02/23 23:00:00,A,MIO_EUR,DK,2012,502,
ESTAT:SDG_16_30(1.0),24/02/23 23:00:00,A,MIO_EUR,DK,2013,446,
ESTAT:SDG_16_30(1.0),24/02/23 23:00:00,A,MIO_EUR,DK,2014,450,
ESTAT:SDG_16_30(1.0),24/02/23 23:00:00,A,MIO_EUR,DK,2015,452,
ESTAT:SDG_16_30(1.0),24/02/23 23:00:00,A,MIO_EUR,DK,2016,461,
ESTAT:SDG_16_30(1.0),24/02/23 23:00:00,A,MIO_EUR,DK,2017,444,
ESTAT:SDG_16_30(1.0),24/02/23 23:00:00,A,MIO_EUR,DK,2018,461,
ESTAT:SDG_16_30(1.0),24/02/23 23:00:00,A,MIO_EUR,DK,2019,497,
ESTAT:SDG_16_30(1.0),24/02/23 23:00:00,A,MIO_EUR,DK,2020,516,
ESTAT:SDG_16_30(1.0),24/02/23 23:00:00,A,MIO_EUR,DK,2021,548,
ESTAT:SDG_16_30(1.0),24/02/23 23:00:00,A,MIO_EUR,EA19,2001,23428,
ESTAT:SDG_16_30(1.0),24/02/23 23:00:00,A,MIO_EUR,EA19,2002,25158,
ESTAT:SDG_16_30(1.0),24/02/23 23:00:00,A,MIO_EUR,EA19,2003,26345,
ESTAT:SDG_16_30(1.0),24/02/23 23:00:00,A,MIO_EUR,EA19,2004,26008,
ESTAT:SDG_16_30(1.0),24/02/23 23:00:00,A,MIO_EUR,EA19,2005,27381,
ESTAT:SDG_16_30(1.0),24/02/23 23:00:00,A,MIO_EUR,EA19,2006,27836,
ESTAT:SDG_16_30(1.0),24/02/23 23:00:00,A,MIO_EUR,EA19,2007,28754,
ESTAT:SDG_16_30(1.0),24/02/23 23:00:00,A,MIO_EUR,EA19,2008,30137,
ESTAT:SDG_16_30(1.0),24/02/23 23:00:00,A,MIO_EUR,EA19,2009,31522,
ESTAT:SDG_16_30(1.0),24/02/23 23:00:00,A,MIO_EUR,EA19,2010,31658,
ESTAT:SDG_16_30(1.0),24/02/23 23:00:00,A,MIO_EUR,EA19,2011,32625,
ESTAT:SDG_16_30(1.0),24/02/23 23:00:00,A,MIO_EUR,EA19,2012,31794,
ESTAT:SDG_16_30(1.0),24/02/23 23:00:00,A,MIO_EUR,EA19,2013,32493,
ESTAT:SDG_16_30(1.0),24/02/23 23:00:00,A,MIO_EUR,EA19,2014,32997,
ESTAT:SDG_16_30(1.0),24/02/23 23:00:00,A,MIO_EUR,EA19,2015,33497,
ESTAT:SDG_16_30(1.0),24/02/23 23:00:00,A,MIO_EUR,EA19,2016,33894,
ESTAT:SDG_16_30(1.0),24/02/23 23:00:00,A,MIO_EUR,EA19,2017,34890,
ESTAT:SDG_16_30(1.0),24/02/23 23:00:00,A,MIO_EUR,EA19,2018,36402,
ESTAT:SDG_16_30(1.0),24/02/23 23:00:00,A,MIO_EUR,EA19,2019,37608,
ESTAT:SDG_16_30(1.0),24/02/23 23:00:00,A,MIO_EUR,EA19,2020,37683,
ESTAT:SDG_16_30(1.0),24/02/23 23:00:00,A,MIO_EUR,EA19,2021,39825,
ESTAT:SDG_16_30(1.0),24/02/23 23:00:00,A,MIO_EUR,EA20,2001,23584,
ESTAT:SDG_16_30(1.0),24/02/23 23:00:00,A,MIO_EUR,EA20,2002,25324,
ESTAT:SDG_16_30(1.0),24/02/23 23:00:00,A,MIO_EUR,EA20,2003,26506,
ESTAT:SDG_16_30(1.0),24/02/23 23:00:00,A,MIO_EUR,EA20,2004,26196,
ESTAT:SDG_16_30(1.0),24/02/23 23:00:00,A,MIO_EUR,EA20,2005,27567,
ESTAT:SDG_16_30(1.0),24/02/23 23:00:00,A,MIO_EUR,EA20,2006,28029,
ESTAT:SDG_16_30(1.0),24/02/23 23:00:00,A,MIO_EUR,EA20,2007,28986,
ESTAT:SDG_16_30(1.0),24/02/23 23:00:00,A,MIO_EUR,EA20,2008,30379,
ESTAT:SDG_16_30(1.0),24/02/23 23:00:00,A,MIO_EUR,EA20,2009,31774,
ESTAT:SDG_16_30(1.0),24/02/23 23:00:00,A,MIO_EUR,EA20,2010,31885,
ESTAT:SDG_16_30(1.0),24/02/23 23:00:00,A,MIO_EUR,EA20,2011,32836,
ESTAT:SDG_16_30(1.0),24/02/23 23:00:00,A,MIO_EUR,EA20,2012,32013,
ESTAT:SDG_16_30(1.0),24/02/23 23:00:00,A,MIO_EUR,EA20,2013,32708,
ESTAT:SDG_16_30(1.0),24/02/23 23:00:00,A,MIO_EUR,EA20,2014,33205,
ESTAT:SDG_16_30(1.0),24/02/23 23:00:00,A,MIO_EUR,EA20,2015,33708,
ESTAT:SDG_16_30(1.0),24/02/23 23:00:00,A,MIO_EUR,EA20,2016,34109,
ESTAT:SDG_16_30(1.0),24/02/23 23:00:00,A,MIO_EUR,EA20,2017,35115,
ESTAT:SDG_16_30(1.0),24/02/23 23:00:00,A,MIO_EUR,EA20,2018,36639,
ESTAT:SDG_16_30(1.0),24/02/23 23:00:00,A,MIO_EUR,EA20,2019,37861,
ESTAT:SDG_16_30(1.0),24/02/23 23:00:00,A,MIO_EUR,EA20,2020,37941,
ESTAT:SDG_16_30(1.0),24/02/23 23:00:00,A,MIO_EUR,EA20,2021,40089,
ESTAT:SDG_16_30(1.0),24/02/23 23:00:00,A,MIO_EUR,EE,2000,16,
ESTAT:SDG_16_30(1.0),24/02/23 23:00:00,A,MIO_EUR,EE,2001,16,
ESTAT:SDG_16_30(1.0),24/02/23 23:00:00,A,MIO_EUR,EE,2002,17,
ESTAT:SDG_16_30(1.0),24/02/23 23:00:00,A,MIO_EUR,EE,2003,20,
ESTAT:SDG_16_30(1.0),24/02/23 23:00:00,A,MIO_EUR,EE,2004,26,
ESTAT:SDG_16_30(1.0),24/02/23 23:00:00,A,MIO_EUR,EE,2005,28,
ESTAT:SDG_16_30(1.0),24/02/23 23:00:00,A,MIO_EUR,EE,2006,31,
ESTAT:SDG_16_30(1.0),24/02/23 23:00:00,A,MIO_EUR,EE,2007,41,
ESTAT:SDG_16_30(1.0),24/02/23 23:00:00,A,MIO_EUR,EE,2008,56,
ESTAT:SDG_16_30(1.0),24/02/23 23:00:00,A,MIO_EUR,EE,2009,42,
ESTAT:SDG_16_30(1.0),24/02/23 23:00:00,A,MIO_EUR,EE,2010,41,
ESTAT:SDG_16_30(1.0),24/02/23 23:00:00,A,MIO_EUR,EE,2011,44,
ESTAT:SDG_16_30(1.0),24/02/23 23:00:00,A,MIO_EUR,EE,2012,48,
ESTAT:SDG_16_30(1.0),24/02/23 23:00:00,A,MIO_EUR,EE,2013,53,
ESTAT:SDG_16_30(1.0),24/02/23 23:00:00,A,MIO_EUR,EE,2014,62,
ESTAT:SDG_16_30(1.0),24/02/23 23:00:00,A,MIO_EUR,EE,2015,63,
ESTAT:SDG_16_30(1.0),24/02/23 23:00:00,A,MIO_EUR,EE,2016,67,
ESTAT:SDG_16_30(1.0),24/02/23 23:00:00,A,MIO_EUR,EE,2017,73,
ESTAT:SDG_16_30(1.0),24/02/23 23:00:00,A,MIO_EUR,EE,2018,77,
ESTAT:SDG_16_30(1.0),24/02/23 23:00:00,A,MIO_EUR,EE,2019,86,
ESTAT:SDG_16_30(1.0),24/02/23 23:00:00,A,MIO_EUR,EE,2020,86,
ESTAT:SDG_16_30(1.0),24/02/23 23:00:00,A,MIO_EUR,EE,2021,86,
ESTAT:SDG_16_30(1.0),24/02/23 23:00:00,A,MIO_EUR,EL,2001,387,
ESTAT:SDG_16_30(1.0),24/02/23 23:00:00,A,MIO_EUR,EL,2002,420,
ESTAT:SDG_16_30(1.0),24/02/23 23:00:00,A,MIO_EUR,EL,2003,430,
ESTAT:SDG_16_30(1.0),24/02/23 23:00:00,A,MIO_EUR,EL,2004,470,
ESTAT:SDG_16_30(1.0),24/02/23 23:00:00,A,MIO_EUR,EL,2005,487,
ESTAT:SDG_16_30(1.0),24/02/23 23:00:00,A,MIO_EUR,EL,2006,518,
ESTAT:SDG_16_30(1.0),24/02/23 23:00:00,A,MIO_EUR,EL,2007,575,
ESTAT:SDG_16_30(1.0),24/02/23 23:00:00,A,MIO_EUR,EL,2008,765,
ESTAT:SDG_16_30(1.0),24/02/23 23:00:00,A,MIO_EUR,EL,2009,848,
ESTAT:SDG_16_30(1.0),24/02/23 23:00:00,A,MIO_EUR,EL,2010,675,
ESTAT:SDG_16_30(1.0),24/02/23 23:00:00,A,MIO_EUR,EL,2011,656,
ESTAT:SDG_16_30(1.0),24/02/23 23:00:00,A,MIO_EUR,EL,2012,583,
ESTAT:SDG_16_30(1.0),24/02/23 23:00:00,A,MIO_EUR,EL,2013,626,
ESTAT:SDG_16_30(1.0),24/02/23 23:00:00,A,MIO_EUR,EL,2014,735,
ESTAT:SDG_16_30(1.0),24/02/23 23:00:00,A,MIO_EUR,EL,2015,551,
ESTAT:SDG_16_30(1.0),24/02/23 23:00:00,A,MIO_EUR,EL,2016,583,
ESTAT:SDG_16_30(1.0),24/02/23 23:00:00,A,MIO_EUR,EL,2017,596,
ESTAT:SDG_16_30(1.0),24/02/23 23:00:00,A,MIO_EUR,EL,2018,671,
ESTAT:SDG_16_30(1.0),24/02/23 23:00:00,A,MIO_EUR,EL,2019,669,
ESTAT:SDG_16_30(1.0),24/02/23 23:00:00,A,MIO_EUR,EL,2020,674,
ESTAT:SDG_16_30(1.0),24/02/23 23:00:00,A,MIO_EUR,EL,2021,648,
ESTAT:SDG_16_30(1.0),24/02/23 23:00:00,A,MIO_EUR,ES,2000,1774,
ESTAT:SDG_16_30(1.0),24/02/23 23:00:00,A,MIO_EUR,ES,2001,1993,
ESTAT:SDG_16_30(1.0),24/02/23 23:00:00,A,MIO_EUR,ES,2002,2248,
ESTAT:SDG_16_30(1.0),24/02/23 23:00:00,A,MIO_EUR,ES,2003,2608,
ESTAT:SDG_16_30(1.0),24/02/23 23:00:00,A,MIO_EUR,ES,2004,2635,
ESTAT:SDG_16_30(1.0),24/02/23 23:00:00,A,MIO_EUR,ES,2005,2855,
ESTAT:SDG_16_30(1.0),24/02/23 23:00:00,A,MIO_EUR,ES,2006,3005,
ESTAT:SDG_16_30(1.0),24/02/23 23:00:00,A,MIO_EUR,ES,2007,3420,
ESTAT:SDG_16_30(1.0),24/02/23 23:00:00,A,MIO_EUR,ES,2008,3824,
ESTAT:SDG_16_30(1.0),24/02/23 23:00:00,A,MIO_EUR,ES,2009,4127,
ESTAT:SDG_16_30(1.0),24/02/23 23:00:00,A,MIO_EUR,ES,2010,4192,
ESTAT:SDG_16_30(1.0),24/02/23 23:00:00,A,MIO_EUR,ES,2011,4088,
ESTAT:SDG_16_30(1.0),24/02/23 23:00:00,A,MIO_EUR,ES,2012,3860,
ESTAT:SDG_16_30(1.0),24/02/23 23:00:00,A,MIO_EUR,ES,2013,3759,
ESTAT:SDG_16_30(1.0),24/02/23 23:00:00,A,MIO_EUR,ES,2014,3699,
ESTAT:SDG_16_30(1.0),24/02/23 23:00:00,A,MIO_EUR,ES,2015,3877,
ESTAT:SDG_16_30(1.0),24/02/23 23:00:00,A,MIO_EUR,ES,2016,3875,
ESTAT:SDG_16_30(1.0),24/02/23 23:00:00,A,MIO_EUR,ES,2017,3956,
ESTAT:SDG_16_30(1.0),24/02/23 23:00:00,A,MIO_EUR,ES,2018,4112,
ESTAT:SDG_16_30(1.0),24/02/23 23:00:00,A,MIO_EUR,ES,2019,4251,
ESTAT:SDG_16_30(1.0),24/02/23 23:00:00,A,MIO_EUR,ES,2020,4363,
ESTAT:SDG_16_30(1.0),24/02/23 23:00:00,A,MIO_EUR,ES,2021,4583,p
ESTAT:SDG_16_30(1.0),24/02/23 23:00:00,A,MIO_EUR,EU27_2020,2001,26240,
ESTAT:SDG_16_30(1.0),24/02/23 23:00:00,A,MIO_EUR,EU27_2020,2002,28124,
ESTAT:SDG_16_30(1.0),24/02/23 23:00:00,A,MIO_EUR,EU27_2020,2003,29494,
ESTAT:SDG_16_30(1.0),24/02/23 23:00:00,A,MIO_EUR,EU27_2020,2004,29332,
ESTAT:SDG_16_30(1.0),24/02/23 23:00:00,A,MIO_EUR,EU27_2020,2005,31215,
ESTAT:SDG_16_30(1.0),24/02/23 23:00:00,A,MIO_EUR,EU27_2020,2006,32227,
ESTAT:SDG_16_30(1.0),24/02/23 23:00:00,A,MIO_EUR,EU27_2020,2007,33783,
ESTAT:SDG_16_30(1.0),24/02/23 23:00:00,A,MIO_EUR,EU27_2020,2008,35731,
ESTAT:SDG_16_30(1.0),24/02/23 23:00:00,A,MIO_EUR,EU27_2020,2009,36505,
ESTAT:SDG_16_30(1.0),24/02/23 23:00:00,A,MIO_EUR,EU27_2020,2010,36951,
ESTAT:SDG_16_30(1.0),24/02/23 23:00:00,A,MIO_EUR,EU27_2020,2011,38030,
ESTAT:SDG_16_30(1.0),24/02/23 23:00:00,A,MIO_EUR,EU27_2020,2012,37374,
ESTAT:SDG_16_30(1.0),24/02/23 23:00:00,A,MIO_EUR,EU27_2020,2013,38252,
ESTAT:SDG_16_30(1.0),24/02/23 23:00:00,A,MIO_EUR,EU27_2020,2014,38761,
ESTAT:SDG_16_30(1.0),24/02/23 23:00:00,A,MIO_EUR,EU27_2020,2015,39457,
ESTAT:SDG_16_30(1.0),24/02/23 23:00:00,A,MIO_EUR,EU27_2020,2016,40010,
ESTAT:SDG_16_30(1.0),24/02/23 23:00:00,A,MIO_EUR,EU27_2020,2017,41540,
ESTAT:SDG_16_30(1.0),24/02/23 23:00:00,A,MIO_EUR,EU27_2020,2018,43259,
ESTAT:SDG_16_30(1.0),24/02/23 23:00:00,A,MIO_EUR,EU27_2020,2019,45009,
ESTAT:SDG_16_30(1.0),24/02/23 23:00:00,A,MIO_EUR,EU27_2020,2020,45305,
ESTAT:SDG_16_30(1.0),24/02/23 23:00:00,A,MIO_EUR,EU27_2020,2021,47907,
ESTAT:SDG_16_30(1.0),24/02/23 23:00:00,A,MIO_EUR,FI,2001,348,
ESTAT:SDG_16_30(1.0),24/02/23 23:00:00,A,MIO_EUR,FI,2002,366,
ESTAT:SDG_16_30(1.0),24/02/23 23:00:00,A,MIO_EUR,FI,2003,383,
ESTAT:SDG_16_30(1.0),24/02/23 23:00:00,A,MIO_EUR,FI,2004,379,
ESTAT:SDG_16_30(1.0),24/02/23 23:00:00,A,MIO_EUR,FI,2005,390,
ESTAT:SDG_16_30(1.0),24/02/23 23:00:00,A,MIO_EUR,FI,2006,393,
ESTAT:SDG_16_30(1.0),24/02/23 23:00:00,A,MIO_EUR,FI,2007,411,
ESTAT:SDG_16_30(1.0),24/02/23 23:00:00,A,MIO_EUR,FI,2008,440,
ESTAT:SDG_16_30(1.0),24/02/23 23:00:00,A,MIO_EUR,FI,2009,478,
ESTAT:SDG_16_30(1.0),24/02/23 23:00:00,A,MIO_EUR,FI,2010,487,
ESTAT:SDG_16_30(1.0),24/02/23 23:00:00,A,MIO_EUR,FI,2011,455,
ESTAT:SDG_16_30(1.0),24/02/23 23:00:00,A,MIO_EUR,FI,2012,468,
ESTAT:SDG_16_30(1.0),24/02/23 23:00:00,A,MIO_EUR,FI,2013,481,
ESTAT:SDG_16_30(1.0),24/02/23 23:00:00,A,MIO_EUR,FI,2014,489,
ESTAT:SDG_16_30(1.0),24/02/23 23:00:00,A,MIO_EUR,FI,2015,488,
ESTAT:SDG_16_30(1.0),24/02/23 23:00:00,A,MIO_EUR,FI,2016,504,
ESTAT:SDG_16_30(1.0),24/02/23 23:00:00,A,MIO_EUR,FI,2017,544,
ESTAT:SDG_16_30(1.0),24/02/23 23:00:00,A,MIO_EUR,FI,2018,553,
ESTAT:SDG_16_30(1.0),24/02/23 23:00:00,A,MIO_EUR,FI,2019,617,
ESTAT:SDG_16_30(1.0),24/02/23 23:00:00,A,MIO_EUR,FI,2020,566,
ESTAT:SDG_16_30(1.0),24/02/23 23:00:00,A,MIO_EUR,FI,2021,573,
ESTAT:SDG_16_30(1.0),24/02/23 23:00:00,A,MIO_EUR,FR,2000,3062,
ESTAT:SDG_16_30(1.0),24/02/23 23:00:00,A,MIO_EUR,FR,2001,3278,
ESTAT:SDG_16_30(1.0),24/02/23 23:00:00,A,MIO_EUR,FR,2002,3578,
ESTAT:SDG_16_30(1.0),24/02/23 23:00:00,A,MIO_EUR,FR,2003,3703,
ESTAT:SDG_16_30(1.0),24/02/23 23:00:00,A,MIO_EUR,FR,2004,3884,
ESTAT:SDG_16_30(1.0),24/02/23 23:00:00,A,MIO_EUR,FR,2005,3854,
ESTAT:SDG_16_30(1.0),24/02/23 23:00:00,A,MIO_EUR,FR,2006,3917,
ESTAT:SDG_16_30(1.0),24/02/23 23:00:00,A,MIO_EUR,FR,2007,4022,
ESTAT:SDG_16_30(1.0),24/02/23 23:00:00,A,MIO_EUR,FR,2008,4324,
ESTAT:SDG_16_30(1.0),24/02/23 23:00:00,A,MIO_EUR,FR,2009,4581,
ESTAT:SDG_16_30(1.0),24/02/23 23:00:00,A,MIO_EUR,FR,2010,4757,
ESTAT:SDG_16_30(1.0),24/02/23 23:00:00,A,MIO_EUR,FR,2011,4699,
ESTAT:SDG_16_30(1.0),24/02/23 23:00:00,A,MIO_EUR,FR,2012,4806,
ESTAT:SDG_16_30(1.0),24/02/23 23:00:00,A,MIO_EUR,FR,2013,4839,
ESTAT:SDG_16_30(1.0),24/02/23 23:00:00,A,MIO_EUR,FR,2014,4977,
ESTAT:SDG_16_30(1.0),24/02/23 23:00:00,A,MIO_EUR,FR,2015,5008,
ESTAT:SDG_16_30(1.0),24/02/23 23:00:00,A,MIO_EUR,FR,2016,5173,
ESTAT:SDG_16_30(1.0),24/02/23 23:00:00,A,MIO_EUR,FR,2017,5262,
ESTAT:SDG_16_30(1.0),24/02/23 23:00:00,A,MIO_EUR,FR,2018,5536,
ESTAT:SDG_16_30(1.0),24/02/23 23:00:00,A,MIO_EUR,FR,2019,5685,
ESTAT:SDG_16_30(1.0),24/02/23 23:00:00,A,MIO_EUR,FR,2020,5713,p
ESTAT:SDG_16_30(1.0),24/02/23 23:00:00,A,MIO_EUR,FR,2021,6272,p
ESTAT:SDG_16_30(1.0),24/02/23 23:00:00,A,MIO_EUR,HR,2000,144,
ESTAT:SDG_16_30(1.0),24/02/23 23:00:00,A,MIO_EUR,HR,2001,156,
ESTAT:SDG_16_30(1.0),24/02/23 23:00:00,A,MIO_EUR,HR,2002,166,
ESTAT:SDG_16_30(1.0),24/02/23 23:00:00,A,MIO_EUR,HR,2003,161,
ESTAT:SDG_16_30(1.0),24/02/23 23:00:00,A,MIO_EUR,HR,2004,188,
ESTAT:SDG_16_30(1.0),24/02/23 23:00:00,A,MIO_EUR,HR,2005,187,
ESTAT:SDG_16_30(1.0),24/02/23 23:00:00,A,MIO_EUR,HR,2006,193,
ESTAT:SDG_16_30(1.0),24/02/23 23:00:00,A,MIO_EUR,HR,2007,232,
ESTAT:SDG_16_30(1.0),24/02/23 23:00:00,A,MIO_EUR,HR,2008,242,
ESTAT:SDG_16_30(1.0),24/02/23 23:00:00,A,MIO_EUR,HR,2009,252,
ESTAT:SDG_16_30(1.0),24/02/23 23:00:00,A,MIO_EUR,HR,2010,227,
ESTAT:SDG_16_30(1.0),24/02/23 23:00:00,A,MIO_EUR,HR,2011,211,
ESTAT:SDG_16_30(1.0),24/02/23 23:00:00,A,MIO_EUR,HR,2012,219,
ESTAT:SDG_16_30(1.0),24/02/23 23:00:00,A,MIO_EUR,HR,2013,216,
ESTAT:SDG_16_30(1.0),24/02/23 23:00:00,A,MIO_EUR,HR,2014,208,
ESTAT:SDG_16_30(1.0),24/02/23 23:00:00,A,MIO_EUR,HR,2015,211,
ESTAT:SDG_16_30(1.0),24/02/23 23:00:00,A,MIO_EUR,HR,2016,215,
ESTAT:SDG_16_30(1.0),24/02/23 23:00:00,A,MIO_EUR,HR,2017,225,
ESTAT:SDG_16_30(1.0),24/02/23 23:00:00,A,MIO_EUR,HR,2018,236,
ESTAT:SDG_16_30(1.0),24/02/23 23:00:00,A,MIO_EUR,HR,2019,253,
ESTAT:SDG_16_30(1.0),24/02/23 23:00:00,A,MIO_EUR,HR,2020,258,
ESTAT:SDG_16_30(1.0),24/02/23 23:00:00,A,MIO_EUR,HR,2021,264,
ESTAT:SDG_16_30(1.0),24/02/23 23:00:00,A,MIO_EUR,HU,2000,172,
ESTAT:SDG_16_30(1.0),24/02/23 23:00:00,A,MIO_EUR,HU,2001,199,
ESTAT:SDG_16_30(1.0),24/02/23 23:00:00,A,MIO_EUR,HU,2002,252,
ESTAT:SDG_16_30(1.0),24/02/23 23:00:00,A,MIO_EUR,HU,2003,276,
ESTAT:SDG_16_30(1.0),24/02/23 23:00:00,A,MIO_EUR,HU,2004,386,
ESTAT:SDG_16_30(1.0),24/02/23 23:00:00,A,MIO_EUR,HU,2005,419,
ESTAT:SDG_16_30(1.0),24/02/23 23:00:00,A,MIO_EUR,HU,2006,407,
ESTAT:SDG_16_30(1.0),24/02/23 23:00:00,A,MIO_EUR,HU,2007,412,
ESTAT:SDG_16_30(1.0),24/02/23 23:00:00,A,MIO_EUR,HU,2008,457,
ESTAT:SDG_16_30(1.0),24/02/23 23:00:00,A,MIO_EUR,HU,2009,397,
ESTAT:SDG_16_30(1.0),24/02/23 23:00:00,A,MIO_EUR,HU,2010,382,
ESTAT:SDG_16_30(1.0),24/02/23 23:00:00,A,MIO_EUR,HU,2011,399,
ESTAT:SDG_16_30(1.0),24/02/23 23:00:00,A,MIO_EUR,HU,2012,410,
ESTAT:SDG_16_30(1.0),24/02/23 23:00:00,A,MIO_EUR,HU,2013,434,
ESTAT:SDG_16_30(1.0),24/02/23 23:00:00,A,MIO_EUR,HU,2014,410,
ESTAT:SDG_16_30(1.0),24/02/23 23:00:00,A,MIO_EUR,HU,2015,429,
ESTAT:SDG_16_30(1.0),24/02/23 23:00:00,A,MIO_EUR,HU,2016,475,
ESTAT:SDG_16_30(1.0),24/02/23 23:00:00,A,MIO_EUR,HU,2017,515,
ESTAT:SDG_16_30(1.0),24/02/23 23:00:00,A,MIO_EUR,HU,2018,560,
ESTAT:SDG_16_30(1.0),24/02/23 23:00:00,A,MIO_EUR,HU,2019,605,
ESTAT:SDG_16_30(1.0),24/02/23 23:00:00,A,MIO_EUR,HU,2020,574,
ESTAT:SDG_16_30(1.0),24/02/23 23:00:00,A,MIO_EUR,HU,2021,590,
ESTAT:SDG_16_30(1.0),24/02/23 23:00:00,A,MIO_EUR,IE,2000,201,
ESTAT:SDG_16_30(1.0),24/02/23 23:00:00,A,MIO_EUR,IE,2001,255,
ESTAT:SDG_16_30(1.0),24/02/23 23:00:00,A,MIO_EUR,IE,2002,290,
ESTAT:SDG_16_30(1.0),24/02/23 23:00:00,A,MIO_EUR,IE,2003,330,
ESTAT:SDG_16_30(1.0),24/02/23 23:00:00,A,MIO_EUR,IE,2004,353,
ESTAT:SDG_16_30(1.0),24/02/23 23:00:00,A,MIO_EUR,IE,2005,366,
ESTAT:SDG_16_30(1.0),24/02/23 23:00:00,A,MIO_EUR,IE,2006,401,
ESTAT:SDG_16_30(1.0),24/02/23 23:00:00,A,MIO_EUR,IE,2007,470,
ESTAT:SDG_16_30(1.0),24/02/23 23:00:00,A,MIO_EUR,IE,2008,511,
ESTAT:SDG_16_30(1.0),24/02/23 23:00:00,A,MIO_EUR,IE,2009,446,
ESTAT:SDG_16_30(1.0),24/02/23 23:00:00,A,MIO_EUR,IE,2010,445,
ESTAT:SDG_16_30(1.0),24/02/23 23:00:00,A,MIO_EUR,IE,2011,607,
ESTAT:SDG_16_30(1.0),24/02/23 23:00:00,A,MIO_EUR,IE,2012,561,
ESTAT:SDG_16_30(1.0),24/02/23 23:00:00,A,MIO_EUR,IE,2013,562,
ESTAT:SDG_16_30(1.0),24/02/23 23:00:00,A,MIO_EUR,IE,2014,550,
ESTAT:SDG_16_30(1.0),24/02/23 23:00:00,A,MIO_EUR,IE,2015,569,
ESTAT:SDG_16_30(1.0),24/02/23 23:00:00,A,MIO_EUR,IE,2016,594,
ESTAT:SDG_16_30(1.0),24/02/23 23:00:00,A,MIO_EUR,IE,2017,632,
ESTAT:SDG_16_30(1.0),24/02/23 23:00:00,A,MIO_EUR,IE,2018,677,
ESTAT:SDG_16_30(1.0),24/02/23 23:00:00,A,MIO_EUR,IE,2019,716,
ESTAT:SDG_16_30(1.0),24/02/23 23:00:00,A,MIO_EUR,IE,2020,744,
ESTAT:SDG_16_30(1.0),24/02/23 23:00:00,A,MIO_EUR,IE,2021,753,
ESTAT:SDG_16_30(1.0),24/02/23 23:00:00,A,MIO_EUR,IS,2000,19,
ESTAT:SDG_16_30(1.0),24/02/23 23:00:00,A,MIO_EUR,IS,2001,18,
ESTAT:SDG_16_30(1.0),24/02/23 23:00:00,A,MIO_EUR,IS,2002,19,
ESTAT:SDG_16_30(1.0),24/02/23 23:00:00,A,MIO_EUR,IS,2003,22,
ESTAT:SDG_16_30(1.0),24/02/23 23:00:00,A,MIO_EUR,IS,2004,23,
ESTAT:SDG_16_30(1.0),24/02/23 23:00:00,A,MIO_EUR,IS,2005,28,
ESTAT:SDG_16_30(1.0),24/02/23 23:00:00,A,MIO_EUR,IS,2006,28,
ESTAT:SDG_16_30(1.0),24/02/23 23:00:00,A,MIO_EUR,IS,2007,32,
ESTAT:SDG_16_30(1.0),24/02/23 23:00:00,A,MIO_EUR,IS,2008,20,
ESTAT:SDG_16_30(1.0),24/02/23 23:00:00,A,MIO_EUR,IS,2009,18,
ESTAT:SDG_16_30(1.0),24/02/23 23:00:00,A,MIO_EUR,IS,2010,19,
ESTAT:SDG_16_30(1.0),24/02/23 23:00:00,A,MIO_EUR,IS,2011,19,
ESTAT:SDG_16_30(1.0),24/02/23 23:00:00,A,MIO_EUR,IS,2012,22,
ESTAT:SDG_16_30(1.0),24/02/23 23:00:00,A,MIO_EUR,IS,2013,24,
ESTAT:SDG_16_30(1.0),24/02/23 23:00:00,A,MIO_EUR,IS,2014,27,
ESTAT:SDG_16_30(1.0),24/02/23 23:00:00,A,MIO_EUR,IS,2015,34,
ESTAT:SDG_16_30(1.0),24/02/23 23:00:00,A,MIO_EUR,IS,2016,41,
ESTAT:SDG_16_30(1.0),24/02/23 23:00:00,A,MIO_EUR,IS,2017,51,
ESTAT:SDG_16_30(1.0),24/02/23 23:00:00,A,MIO_EUR,IS,2018,55,
ESTAT:SDG_16_30(1.0),24/02/23 23:00:00,A,MIO_EUR,IS,2019,54,
ESTAT:SDG_16_30(1.0),24/02/23 23:00:00,A,MIO_EUR,IS,2020,47,
ESTAT:SDG_16_30(1.0),24/02/23 23:00:00,A,MIO_EUR,IS,2021,51,
ESTAT:SDG_16_30(1.0),24/02/23 23:00:00,A,MIO_EUR,IT,2001,4574,
ESTAT:SDG_16_30(1.0),24/02/23 23:00:00,A,MIO_EUR,IT,2002,4925,
ESTAT:SDG_16_30(1.0),24/02/23 23:00:00,A,MIO_EUR,IT,2003,5222,
ESTAT:SDG_16_30(1.0),24/02/23 23:00:00,A,MIO_EUR,IT,2004,4523,
ESTAT:SDG_16_30(1.0),24/02/23 23:00:00,A,MIO_EUR,IT,2005,5201,
ESTAT:SDG_16_30(1.0),24/02/23 23:00:00,A,MIO_EUR,IT,2006,4988,
ESTAT:SDG_16_30(1.0),24/02/23 23:00:00,A,MIO_EUR,IT,2007,5086,
ESTAT:SDG_16_30(1.0),24/02/23 23:00:00,A,MIO_EUR,IT,2008,5013,
ESTAT:SDG_16_30(1.0),24/02/23 23:00:00,A,MIO_EUR,IT,2009,5364,
ESTAT:SDG_16_30(1.0),24/02/23 23:00:00,A,MIO_EUR,IT,2010,5153,
ESTAT:SDG_16_30(1.0),24/02/23 23:00:00,A,MIO_EUR,IT,2011,5878,
ESTAT:SDG_16_30(1.0),24/02/23 23:00:00,A,MIO_EUR,IT,2012,5124,
ESTAT:SDG_16_30(1.0),24/02/23 23:00:00,A,MIO_EUR,IT,2013,5484,
ESTAT:SDG_16_30(1.0),24/02/23 23:00:00,A,MIO_EUR,IT,2014,5351,
ESTAT:SDG_16_30(1.0),24/02/23 23:00:00,A,MIO_EUR,IT,2015,5562,
ESTAT:SDG_16_30(1.0),24/02/23 23:00:00,A,MIO_EUR,IT,2016,5450,
ESTAT:SDG_16_30(1.0),24/02/23 23:00:00,A,MIO_EUR,IT,2017,5632,
ESTAT:SDG_16_30(1.0),24/02/23 23:00:00,A,MIO_EUR,IT,2018,5818,
ESTAT:SDG_16_30(1.0),24/02/23 23:00:00,A,MIO_EUR,IT,2019,5948,
ESTAT:SDG_16_30(1.0),24/02/23 23:00:00,A,MIO_EUR,IT,2020,5814,
ESTAT:SDG_16_30(1.0),24/02/23 23:00:00,A,MIO_EUR,IT,2021,6000,
ESTAT:SDG_16_30(1.0),24/02/23 23:00:00,A,MIO_EUR,LT,2000,49,
ESTAT:SDG_16_30(1.0),24/02/23 23:00:00,A,MIO_EUR,LT,2001,56,
ESTAT:SDG_16_30(1.0),24/02/23 23:00:00,A,MIO_EUR,LT,2002,63,
ESTAT:SDG_16_30(1.0),24/02/23 23:00:00,A,MIO_EUR,LT,2003,69,
ESTAT:SDG_16_30(1.0),24/02/23 23:00:00,A,MIO_EUR,LT,2004,77,
ESTAT:SDG_16_30(1.0),24/02/23 23:00:00,A,MIO_EUR,LT,2005,85,
ESTAT:SDG_16_30(1.0),24/02/23 23:00:00,A,MIO_EUR,LT,2006,96,
ESTAT:SDG_16_30(1.0),24/02/23 23:00:00,A,MIO_EUR,LT,2007,111,
ESTAT:SDG_16_30(1.0),24/02/23 23:00:00,A,MIO_EUR,LT,2008,124,
ESTAT:SDG_16_30(1.0),24/02/23 23:00:00,A,MIO_EUR,LT,2009,86,
ESTAT:SDG_16_30(1.0),24/02/23 23:00:00,A,MIO_EUR,LT,2010,84,
ESTAT:SDG_16_30(1.0),24/02/23 23:00:00,A,MIO_EUR,LT,2011,84,
ESTAT:SDG_16_30(1.0),24/02/23 23:00:00,A,MIO_EUR,LT,2012,89,
ESTAT:SDG_16_30(1.0),24/02/23 23:00:00,A,MIO_EUR,LT,2013,86,
ESTAT:SDG_16_30(1.0),24/02/23 23:00:00,A,MIO_EUR,LT,2014,96,
ESTAT:SDG_16_30(1.0),24/02/23 23:00:00,A,MIO_EUR,LT,2015,104,
ESTAT:SDG_16_30(1.0),24/02/23 23:00:00,A,MIO_EUR,LT,2016,106,
ESTAT:SDG_16_30(1.0),24/02/23 23:00:00,A,MIO_EUR,LT,2017,110,
ESTAT:SDG_16_30(1.0),24/02/23 23:00:00,A,MIO_EUR,LT,2018,117,
ESTAT:SDG_16_30(1.0),24/02/23 23:00:00,A,MIO_EUR,LT,2019,126,
ESTAT:SDG_16_30(1.0),24/02/23 23:00:00,A,MIO_EUR,LT,2020,133,
ESTAT:SDG_16_30(1.0),24/02/23 23:00:00,A,MIO_EUR,LT,2021,131,
ESTAT:SDG_16_30(1.0),24/02/23 23:00:00,A,MIO_EUR,LU,2000,43,
ESTAT:SDG_16_30(1.0),24/02/23 23:00:00,A,MIO_EUR,LU,2001,53,
ESTAT:SDG_16_30(1.0),24/02/23 23:00:00,A,MIO_EUR,LU,2002,55,
ESTAT:SDG_16_30(1.0),24/02/23 23:00:00,A,MIO_EUR,LU,2003,59,
ESTAT:SDG_16_30(1.0),24/02/23 23:00:00,A,MIO_EUR,LU,2004,60,
ESTAT:SDG_16_30(1.0),24/02/23 23:00:00,A,MIO_EUR,LU,2005,65,
ESTAT:SDG_16_30(1.0),24/02/23 23:00:00,A,MIO_EUR,LU,2006,70,
ESTAT:SDG_16_30(1.0),24/02/23 23:00:00,A,MIO_EUR,LU,2007,72,
ESTAT:SDG_16_30(1.0),24/02/23 23:00:00,A,MIO_EUR,LU,2008,78,
ESTAT:SDG_16_30(1.0),24/02/23 23:00:00,A,MIO_EUR,LU,2009,85,
ESTAT:SDG_16_30(1.0),24/02/23 23:00:00,A,MIO_EUR,LU,2010,93,
ESTAT:SDG_16_30(1.0),24/02/23 23:00:00,A,MIO_EUR,LU,2011,93,
ESTAT:SDG_16_30(1.0),24/02/23 23:00:00,A,MIO_EUR,LU,2012,96,
ESTAT:SDG_16_30(1.0),24/02/23 23:00:00,A,MIO_EUR,LU,2013,99,
ESTAT:SDG_16_30(1.0),24/02/23 23:00:00,A,MIO_EUR,LU,2014,102,
ESTAT:SDG_16_30(1.0),24/02/23 23:00:00,A,MIO_EUR,LU,2015,108,
ESTAT:SDG_16_30(1.0),24/02/23 23:00:00,A,MIO_EUR,LU,2016,119,
ESTAT:SDG_16_30(1.0),24/02/23 23:00:00,A,MIO_EUR,LU,2017,123,
ESTAT:SDG_16_30(1.0),24/02/23 23:00:00,A,MIO_EUR,LU,2018,130,
ESTAT:SDG_16_30(1.0),24/02/23 23:00:00,A,MIO_EUR,LU,2019,143,
ESTAT:SDG_16_30(1.0),24/02/23 23:00:00,A,MIO_EUR,LU,2020,151,
ESTAT:SDG_16_30(1.0),24/02/23 23:00:00,A,MIO_EUR,LU,2021,162,
ESTAT:SDG_16_30(1.0),24/02/23 23:00:00,A,MIO_EUR,LV,2001,39,
ESTAT:SDG_16_30(1.0),24/02/23 23:00:00,A,MIO_EUR,LV,2002,40,
ESTAT:SDG_16_30(1.0),24/02/23 23:00:00,A,MIO_EUR,LV,2003,45,
ESTAT:SDG_16_30(1.0),24/02/23 23:00:00,A,MIO_EUR,LV,2004,49,
ESTAT:SDG_16_30(1.0),24/02/23 23:00:00,A,MIO_EUR,LV,2005,56,
ESTAT:SDG_16_30(1.0),24/02/23 23:00:00,A,MIO_EUR,LV,2006,67,
ESTAT:SDG_16_30(1.0),24/02/23 23:00:00,A,MIO_EUR,LV,2007,92,
ESTAT:SDG_16_30(1.0),24/02/23 23:00:00,A,MIO_EUR,LV,2008,100,
ESTAT:SDG_16_30(1.0),24/02/23 23:00:00,A,MIO_EUR,LV,2009,77,
ESTAT:SDG_16_30(1.0),24/02/23 23:00:00,A,MIO_EUR,LV,2010,71,
ESTAT:SDG_16_30(1.0),24/02/23 23:00:00,A,MIO_EUR,LV,2011,88,
ESTAT:SDG_16_30(1.0),24/02/23 23:00:00,A,MIO_EUR,LV,2012,90,
ESTAT:SDG_16_30(1.0),24/02/23 23:00:00,A,MIO_EUR,LV,2013,92,
ESTAT:SDG_16_30(1.0),24/02/23 23:00:00,A,MIO_EUR,LV,2014,94,
ESTAT:SDG_16_30(1.0),24/02/23 23:00:00,A,MIO_EUR,LV,2015,102,
ESTAT:SDG_16_30(1.0),24/02/23 23:00:00,A,MIO_EUR,LV,2016,102,
ESTAT:SDG_16_30(1.0),24/02/23 23:00:00,A,MIO_EUR,LV,2017,111,
ESTAT:SDG_16_30(1.0),24/02/23 23:00:00,A,MIO_EUR,LV,2018,121,
ESTAT:SDG_16_30(1.0),24/02/23 23:00:00,A,MIO_EUR,LV,2019,129,
ESTAT:SDG_16_30(1.0),24/02/23 23:00:00,A,MIO_EUR,LV,2020,140,
ESTAT:SDG_16_30(1.0),24/02/23 23:00:00,A,MIO_EUR,LV,2021,155,
ESTAT:SDG_16_30(1.0),24/02/23 23:00:00,A,MIO_EUR,MT,2001,16,
ESTAT:SDG_16_30(1.0),24/02/23 23:00:00,A,MIO_EUR,MT,2002,19,
ESTAT:SDG_16_30(1.0),24/02/23 23:00:00,A,MIO_EUR,MT,2003,21,
ESTAT:SDG_16_30(1.0),24/02/23 23:00:00,A,MIO_EUR,MT,2004,19,
ESTAT:SDG_16_30(1.0),24/02/23 23:00:00,A,MIO_EUR,MT,2005,20,
ESTAT:SDG_16_30(1.0),24/02/23 23:00:00,A,MIO_EUR,MT,2006,18,
ESTAT:SDG_16_30(1.0),24/02/23 23:00:00,A,MIO_EUR,MT,2007,20,
ESTAT:SDG_16_30(1.0),24/02/23 23:00:00,A,MIO_EUR,MT,2008,21,
ESTAT:SDG_16_30(1.0),24/02/23 23:00:00,A,MIO_EUR,MT,2009,21,
ESTAT:SDG_16_30(1.0),24/02/23 23:00:00,A,MIO_EUR,MT,2010,21,
ESTAT:SDG_16_30(1.0),24/02/23 23:00:00,A,MIO_EUR,MT,2011,23,
ESTAT:SDG_16_30(1.0),24/02/23 23:00:00,A,MIO_EUR,MT,2012,23,
ESTAT:SDG_16_30(1.0),24/02/23 23:00:00,A,MIO_EUR,MT,2013,28,
ESTAT:SDG_16_30(1.0),24/02/23 23:00:00,A,MIO_EUR,MT,2014,29,
ESTAT:SDG_16_30(1.0),24/02/23 23:00:00,A,MIO_EUR,MT,2015,22,
ESTAT:SDG_16_30(1.0),24/02/23 23:00:00,A,MIO_EUR,MT,2016,29,
ESTAT:SDG_16_30(1.0),24/02/23 23:00:00,A,MIO_EUR,MT,2017,29,
ESTAT:SDG_16_30(1.0),24/02/23 23:00:00,A,MIO_EUR,MT,2018,32,
ESTAT:SDG_16_30(1.0),24/02/23 23:00:00,A,MIO_EUR,MT,2019,40,
ESTAT:SDG_16_30(1.0),24/02/23 23:00:00,A,MIO_EUR,MT,2020,46,
ESTAT:SDG_16_30(1.0),24/02/23 23:00:00,A,MIO_EUR,MT,2021,58,
ESTAT:SDG_16_30(1.0),24/02/23 23:00:00,A,MIO_EUR,NL,2000,959,
ESTAT:SDG_16_30(1.0),24/02/23 23:00:00,A,MIO_EUR,NL,2001,1136,
ESTAT:SDG_16_30(1.0),24/02/23 23:00:00,A,MIO_EUR,NL,2002,1284,
ESTAT:SDG_16_30(1.0),24/02/23 23:00:00,A,MIO_EUR,NL,2003,1468,
ESTAT:SDG_16_30(1.0),24/02/23 23:00:00,A,MIO_EUR,NL,2004,1518,
ESTAT:SDG_16_30(1.0),24/02/23 23:00:00,A,MIO_EUR,NL,2005,1565,
ESTAT:SDG_16_30(1.0),24/02/23 23:00:00,A,MIO_EUR,NL,2006,1607,
ESTAT:SDG_16_30(1.0),24/02/23 23:00:00,A,MIO_EUR,NL,2007,1744,
ESTAT:SDG_16_30(1.0),24/02/23 23:00:00,A,MIO_EUR,NL,2008,1786,
ESTAT:SDG_16_30(1.0),24/02/23 23:00:00,A,MIO_EUR,NL,2009,1919,
ESTAT:SDG_16_30(1.0),24/02/23 23:00:00,A,MIO_EUR,NL,2010,1961,
ESTAT:SDG_16_30(1.0),24/02/23 23:00:00,A,MIO_EUR,NL,2011,2024,
ESTAT:SDG_16_30(1.0),24/02/23 23:00:00,A,MIO_EUR,NL,2012,1965,
ESTAT:SDG_16_30(1.0),24/02/23 23:00:00,A,MIO_EUR,NL,2013,1957,
ESTAT:SDG_16_30(1.0),24/02/23 23:00:00,A,MIO_EUR,NL,2014,1923,
ESTAT:SDG_16_30(1.0),24/02/23 23:00:00,A,MIO_EUR,NL,2015,1911,
ESTAT:SDG_16_30(1.0),24/02/23 23:00:00,A,MIO_EUR,NL,2016,1953,
ESTAT:SDG_16_30(1.0),24/02/23 23:00:00,A,MIO_EUR,NL,2017,2025,
ESTAT:SDG_16_30(1.0),24/02/23 23:00:00,A,MIO_EUR,NL,2018,2153,
ESTAT:SDG_16_30(1.0),24/02/23 23:00:00,A,MIO_EUR,NL,2019,2215,
ESTAT:SDG_16_30(1.0),24/02/23 23:00:00,A,MIO_EUR,NL,2020,2323,
ESTAT:SDG_16_30(1.0),24/02/23 23:00:00,A,MIO_EUR,NL,2021,2320,
ESTAT:SDG_16_30(1.0),24/02/23 23:00:00,A,MIO_EUR,NO,2000,279,
ESTAT:SDG_16_30(1.0),24/02/23 23:00:00,A,MIO_EUR,NO,2001,296,
ESTAT:SDG_16_30(1.0),24/02/23 23:00:00,A,MIO_EUR,NO,2002,376,
ESTAT:SDG_16_30(1.0),24/02/23 23:00:00,A,MIO_EUR,NO,2003,373,
ESTAT:SDG_16_30(1.0),24/02/23 23:00:00,A,MIO_EUR,NO,2004,365,
ESTAT:SDG_16_30(1.0),24/02/23 23:00:00,A,MIO_EUR,NO,2005,414,
ESTAT:SDG_16_30(1.0),24/02/23 23:00:00,A,MIO_EUR,NO,2006,410,
ESTAT:SDG_16_30(1.0),24/02/23 23:00:00,A,MIO_EUR,NO,2007,438,
ESTAT:SDG_16_30(1.0),24/02/23 23:00:00,A,MIO_EUR,NO,2008,451,
ESTAT:SDG_16_30(1.0),24/02/23 23:00:00,A,MIO_EUR,NO,2009,450,
ESTAT:SDG_16_30(1.0),24/02/23 23:00:00,A,MIO_EUR,NO,2010,500,
ESTAT:SDG_16_30(1.0),24/02/23 23:00:00,A,MIO_EUR,NO,2011,542,
ESTAT:SDG_16_30(1.0),24/02/23 23:00:00,A,MIO_EUR,NO,2012,621,
ESTAT:SDG_16_30(1.0),24/02/23 23:00:00,A,MIO_EUR,NO,2013,611,
ESTAT:SDG_16_30(1.0),24/02/23 23:00:00,A,MIO_EUR,NO,2014,634,
ESTAT:SDG_16_30(1.0),24/02/23 23:00:00,A,MIO_EUR,NO,2015,538,
ESTAT:SDG_16_30(1.0),24/02/23 23:00:00,A,MIO_EUR,NO,2016,551,
ESTAT:SDG_16_30(1.0),24/02/23 23:00:00,A,MIO_EUR,NO,2017,552,
ESTAT:SDG_16_30(1.0),24/02/23 23:00:00,A,MIO_EUR,NO,2018,546,
ESTAT:SDG_16_30(1.0),24/02/23 23:00:00,A,MIO_EUR,NO,2019,559,
ESTAT:SDG_16_30(1.0),24/02/23 23:00:00,A,MIO_EUR,NO,2020,529,
ESTAT:SDG_16_30(1.0),24/02/23 23:00:00,A,MIO_EUR,NO,2021,580,
ESTAT:SDG_16_30(1.0),24/02/23 23:00:00,A,MIO_EUR,PL,2001,1026,
ESTAT:SDG_16_30(1.0),24/02/23 23:00:00,A,MIO_EUR,PL,2002,979,
ESTAT:SDG_16_30(1.0),24/02/23 23:00:00,A,MIO_EUR,PL,2003,1061,
ESTAT:SDG_16_30(1.0),24/02/23 23:00:00,A,MIO_EUR,PL,2004,1018,
ESTAT:SDG_16_30(1.0),24/02/23 23:00:00,A,MIO_EUR,PL,2005,1341,
ESTAT:SDG_16_30(1.0),24/02/23 23:00:00,A,MIO_EUR,PL,2006,1610,
ESTAT:SDG_16_30(1.0),24/02/23 23:00:00,A,MIO_EUR,PL,2007,1868,
ESTAT:SDG_16_30(1.0),24/02/23 23:00:00,A,MIO_EUR,PL,2008,2270,
ESTAT:SDG_16_30(1.0),24/02/23 23:00:00,A,MIO_EUR,PL,2009,1821,
ESTAT:SDG_16_30(1.0),24/02/23 23:00:00,A,MIO_EUR,PL,2010,2080,
ESTAT:SDG_16_30(1.0),24/02/23 23:00:00,A,MIO_EUR,PL,2011,1922,
ESTAT:SDG_16_30(1.0),24/02/23 23:00:00,A,MIO_EUR,PL,2012,2084,
ESTAT:SDG_16_30(1.0),24/02/23 23:00:00,A,MIO_EUR,PL,2013,2049,
ESTAT:SDG_16_30(1.0),24/02/23 23:00:00,A,MIO_EUR,PL,2014,2133,
ESTAT:SDG_16_30(1.0),24/02/23 23:00:00,A,MIO_EUR,PL,2015,2224,
ESTAT:SDG_16_30(1.0),24/02/23 23:00:00,A,MIO_EUR,PL,2016,2181,
ESTAT:SDG_16_30(1.0),24/02/23 23:00:00,A,MIO_EUR,PL,2017,2345,
ESTAT:SDG_16_30(1.0),24/02/23 23:00:00,A,MIO_EUR,PL,2018,2533,
ESTAT:SDG_16_30(1.0),24/02/23 23:00:00,A,MIO_EUR,PL,2019,2743,
ESTAT:SDG_16_30(1.0),24/02/23 23:00:00,A,MIO_EUR,PL,2020,2921,
ESTAT:SDG_16_30(1.0),24/02/23 23:00:00,A,MIO_EUR,PL,2021,2981,
ESTAT:SDG_16_30(1.0),24/02/23 23:00:00,A,MIO_EUR,PT,2000,358,
ESTAT:SDG_16_30(1.0),24/02/23 23:00:00,A,MIO_EUR,PT,2001,368,
ESTAT:SDG_16_30(1.0),24/02/23 23:00:00,A,MIO_EUR,PT,2002,530,
ESTAT:SDG_16_30(1.0),24/02/23 23:00:00,A,MIO_EUR,PT,2003,632,
ESTAT:SDG_16_30(1.0),24/02/23 23:00:00,A,MIO_EUR,PT,2004,545,
ESTAT:SDG_16_30(1.0),24/02/23 23:00:00,A,MIO_EUR,PT,2005,606,
ESTAT:SDG_16_30(1.0),24/02/23 23:00:00,A,MIO_EUR,PT,2006,646,
ESTAT:SDG_16_30(1.0),24/02/23 23:00:00,A,MIO_EUR,PT,2007,608,
ESTAT:SDG_16_30(1.0),24/02/23 23:00:00,A,MIO_EUR,PT,2008,645,
ESTAT:SDG_16_30(1.0),24/02/23 23:00:00,A,MIO_EUR,PT,2009,656,
ESTAT:SDG_16_30(1.0),24/02/23 23:00:00,A,MIO_EUR,PT,2010,728,
ESTAT:SDG_16_30(1.0),24/02/23 23:00:00,A,MIO_EUR,PT,2011,731,
ESTAT:SDG_16_30(1.0),24/02/23 23:00:00,A,MIO_EUR,PT,2012,575,
ESTAT:SDG_16_30(1.0),24/02/23 23:00:00,A,MIO_EUR,PT,2013,639,
ESTAT:SDG_16_30(1.0),24/02/23 23:00:00,A,MIO_EUR,PT,2014,598,
ESTAT:SDG_16_30(1.0),24/02/23 23:00:00,A,MIO_EUR,PT,2015,630,
ESTAT:SDG_16_30(1.0),24/02/23 23:00:00,A,MIO_EUR,PT,2016,648,
ESTAT:SDG_16_30(1.0),24/02/23 23:00:00,A,MIO_EUR,PT,2017,646,
ESTAT:SDG_16_30(1.0),24/02/23 23:00:00,A,MIO_EUR,PT,2018,689,
ESTAT:SDG_16_30(1.0),24/02/23 23:00:00,A,MIO_EUR,PT,2019,693,
ESTAT:SDG_16_30(1.0),24/02/23 23:00:00,A,MIO_EUR,PT,2020,727,
ESTAT:SDG_16_30(1.0),24/02/23 23:00:00,A,MIO_EUR,PT,2021,742,p
ESTAT:SDG_16_30(1.0),24/02/23 23:00:00,A,MIO_EUR,RO,2001,107,
ESTAT:SDG_16_30(1.0),24/02/23 23:00:00,A,MIO_EUR,RO,2002,127,
ESTAT:SDG_16_30(1.0),24/02/23 23:00:00,A,MIO_EUR,RO,2003,139,
ESTAT:SDG_16_30(1.0),24/02/23 23:00:00,A,MIO_EUR,RO,2004,160,
ESTAT:SDG_16_30(1.0),24/02/23 23:00:00,A,MIO_EUR,RO,2005,243,
ESTAT:SDG_16_30(1.0),24/02/23 23:00:00,A,MIO_EUR,RO,2006,350,
ESTAT:SDG_16_30(1.0),24/02/23 23:00:00,A,MIO_EUR,RO,2007,484,
ESTAT:SDG_16_30(1.0),24/02/23 23:00:00,A,MIO_EUR,RO,2008,490,
ESTAT:SDG_16_30(1.0),24/02/23 23:00:00,A,MIO_EUR,RO,2009,389,
ESTAT:SDG_16_30(1.0),24/02/23 23:00:00,A,MIO_EUR,RO,2010,426,
ESTAT:SDG_16_30(1.0),24/02/23 23:00:00,A,MIO_EUR,RO,2011,449,
ESTAT:SDG_16_30(1.0),24/02/23 23:00:00,A,MIO_EUR,RO,2012,459,
ESTAT:SDG_16_30(1.0),24/02/23 23:00:00,A,MIO_EUR,RO,2013,595,
ESTAT:SDG_16_30(1.0),24/02/23 23:00:00,A,MIO_EUR,RO,2014,582,
ESTAT:SDG_16_30(1.0),24/02/23 23:00:00,A,MIO_EUR,RO,2015,573,
ESTAT:SDG_16_30(1.0),24/02/23 23:00:00,A,MIO_EUR,RO,2016,657,
ESTAT:SDG_16_30(1.0),24/02/23 23:00:00,A,MIO_EUR,RO,2017,907,
ESTAT:SDG_16_30(1.0),24/02/23 23:00:00,A,MIO_EUR,RO,2018,831,
ESTAT:SDG_16_30(1.0),24/02/23 23:00:00,A,MIO_EUR,RO,2019,925,
ESTAT:SDG_16_30(1.0),24/02/23 23:00:00,A,MIO_EUR,RO,2020,930,
ESTAT:SDG_16_30(1.0),24/02/23 23:00:00,A,MIO_EUR,RO,2021,1077,
ESTAT:SDG_16_30(1.0),24/02/23 23:00:00,A,MIO_EUR,SE,2001,722,
ESTAT:SDG_16_30(1.0),24/02/23 23:00:00,A,MIO_EUR,SE,2002,768,
ESTAT:SDG_16_30(1.0),24/02/23 23:00:00,A,MIO_EUR,SE,2003,790,
ESTAT:SDG_16_30(1.0),24/02/23 23:00:00,A,MIO_EUR,SE,2004,800,
ESTAT:SDG_16_30(1.0),24/02/23 23:00:00,A,MIO_EUR,SE,2005,787,
ESTAT:SDG_16_30(1.0),24/02/23 23:00:00,A,MIO_EUR,SE,2006,887,
ESTAT:SDG_16_30(1.0),24/02/23 23:00:00,A,MIO_EUR,SE,2007,965,
ESTAT:SDG_16_30(1.0),24/02/23 23:00:00,A,MIO_EUR,SE,2008,938,
ESTAT:SDG_16_30(1.0),24/02/23 23:00:00,A,MIO_EUR,SE,2009,872,
ESTAT:SDG_16_30(1.0),24/02/23 23:00:00,A,MIO_EUR,SE,2010,1027,
ESTAT:SDG_16_30(1.0),24/02/23 23:00:00,A,MIO_EUR,SE,2011,1131,
ESTAT:SDG_16_30(1.0),24/02/23 23:00:00,A,MIO_EUR,SE,2012,1196,
ESTAT:SDG_16_30(1.0),24/02/23 23:00:00,A,MIO_EUR,SE,2013,1278,
ESTAT:SDG_16_30(1.0),24/02/23 23:00:00,A,MIO_EUR,SE,2014,1234,
ESTAT:SDG_16_30(1.0),24/02/23 23:00:00,A,MIO_EUR,SE,2015,1221,
ESTAT:SDG_16_30(1.0),24/02/23 23:00:00,A,MIO_EUR,SE,2016,1278,
ESTAT:SDG_16_30(1.0),24/02/23 23:00:00,A,MIO_EUR,SE,2017,1303,
ESTAT:SDG_16_30(1.0),24/02/23 23:00:00,A,MIO_EUR,SE,2018,1261,
ESTAT:SDG_16_30(1.0),24/02/23 23:00:00,A,MIO_EUR,SE,2019,1264,
ESTAT:SDG_16_30(1.0),24/02/23 23:00:00,A,MIO_EUR,SE,2020,1278,
ESTAT:SDG_16_30(1.0),24/02/23 23:00:00,A,MIO_EUR,SE,2021,1389,
ESTAT:SDG_16_30(1.0),24/02/23 23:00:00,A,MIO_EUR,SI,2000,126,
ESTAT:SDG_16_30(1.0),24/02/23 23:00:00,A,MIO_EUR,SI,2001,136,
ESTAT:SDG_16_30(1.0),24/02/23 23:00:00,A,MIO_EUR,SI,2002,141,
ESTAT:SDG_16_30(1.0),24/02/23 23:00:00,A,MIO_EUR,SI,2003,148,
ESTAT:SDG_16_30(1.0),24/02/23 23:00:00,A,MIO_EUR,SI,2004,156,
ESTAT:SDG_16_30(1.0),24/02/23 23:00:00,A,MIO_EUR,SI,2005,165,
ESTAT:SDG_16_30(1.0),24/02/23 23:00:00,A,MIO_EUR,SI,2006,161,
ESTAT:SDG_16_30(1.0),24/02/23 23:00:00,A,MIO_EUR,SI,2007,175,
ESTAT:SDG_16_30(1.0),24/02/23 23:00:00,A,MIO_EUR,SI,2008,198,
ESTAT:SDG_16_30(1.0),24/02/23 23:00:00,A,MIO_EUR,SI,2009,203,
ESTAT:SDG_16_30(1.0),24/02/23 23:00:00,A,MIO_EUR,SI,2010,209,
ESTAT:SDG_16_30(1.0),24/02/23 23:00:00,A,MIO_EUR,SI,2011,205,
ESTAT:SDG_16_30(1.0),24/02/23 23:00:00,A,MIO_EUR,SI,2012,199,
ESTAT:SDG_16_30(1.0),24/02/23 23:00:00,A,MIO_EUR,SI,2013,198,
ESTAT:SDG_16_30(1.0),24/02/23 23:00:00,A,MIO_EUR,SI,2014,194,
ESTAT:SDG_16_30(1.0),24/02/23 23:00:00,A,MIO_EUR,SI,2015,191,
ESTAT:SDG_16_30(1.0),24/02/23 23:00:00,A,MIO_EUR,SI,2016,199,
ESTAT:SDG_16_30(1.0),24/02/23 23:00:00,A,MIO_EUR,SI,2017,198,
ESTAT:SDG_16_30(1.0),24/02/23 23:00:00,A,MIO_EUR,SI,2018,207,
ESTAT:SDG_16_30(1.0),24/02/23 23:00:00,A,MIO_EUR,SI,2019,220,
ESTAT:SDG_16_30(1.0),24/02/23 23:00:00,A,MIO_EUR,SI,2020,227,
ESTAT:SDG_16_30(1.0),24/02/23 23:00:00,A,MIO_EUR,SI,2021,238,
ESTAT:SDG_16_30(1.0),24/02/23 23:00:00,A,MIO_EUR,SK,2001,113,e
ESTAT:SDG_16_30(1.0),24/02/23 23:00:00,A,MIO_EUR,SK,2002,115,e
ESTAT:SDG_16_30(1.0),24/02/23 23:00:00,A,MIO_EUR,SK,2003,94,
ESTAT:SDG_16_30(1.0),24/02/23 23:00:00,A,MIO_EUR,SK,2004,102,p
ESTAT:SDG_16_30(1.0),24/02/23 23:00:00,A,MIO_EUR,SK,2005,108,
ESTAT:SDG_16_30(1.0),24/02/23 23:00:00,A,MIO_EUR,SK,2006,145,
ESTAT:SDG_16_30(1.0),24/02/23 23:00:00,A,MIO_EUR,SK,2007,155,
ESTAT:SDG_16_30(1.0),24/02/23 23:00:00,A,MIO_EUR,SK,2008,183,
ESTAT:SDG_16_30(1.0),24/02/23 23:00:00,A,MIO_EUR,SK,2009,223,
ESTAT:SDG_16_30(1.0),24/02/23 23:00:00,A,MIO_EUR,SK,2010,209,
ESTAT:SDG_16_30(1.0),24/02/23 23:00:00,A,MIO_EUR,SK,2011,220,
ESTAT:SDG_16_30(1.0),24/02/23 23:00:00,A,MIO_EUR,SK,2012,225,
ESTAT:SDG_16_30(1.0),24/02/23 23:00:00,A,MIO_EUR,SK,2013,241,
ESTAT:SDG_16_30(1.0),24/02/23 23:00:00,A,MIO_EUR,SK,2014,240,
ESTAT:SDG_16_30(1.0),24/02/23 23:00:00,A,MIO_EUR,SK,2015,265,
ESTAT:SDG_16_30(1.0),24/02/23 23:00:00,A,MIO_EUR,SK,2016,215,
ESTAT:SDG_16_30(1.0),24/02/23 23:00:00,A,MIO_EUR,SK,2017,226,
ESTAT:SDG_16_30(1.0),24/02/23 23:00:00,A,MIO_EUR,SK,2018,251,
ESTAT:SDG_16_30(1.0),24/02/23 23:00:00,A,MIO_EUR,SK,2019,308,
ESTAT:SDG_16_30(1.0),24/02/23 23:00:00,A,MIO_EUR,SK,2020,295,
ESTAT:SDG_16_30(1.0),24/02/23 23:00:00,A,MIO_EUR,SK,2021,291,
